sku,name,brand,category,price,url,in_stock,description,manufacturer_part_number,upc,weight,custom_fields,image_url
112-801-00000,Zebra 110Xi4 Bar Code Printer | This printer has been replaced by ZT61042-T010100Z | 112-801-00000,,152,2557.01,https://arrowheadphx.com/zebra-110xi4-bar-code-printer-this-printer-has-been-replaced-by-zt61042-t010100z-112-801-00000/,False,"<p>This printer has been replaced by ZT61042-T010100Z.</p>
<p>&nbsp;</p>
<p>Description: Standard ZT610 with 203 DPI (8 dots/mm)</p>
<p>110Xi4 Bar Code Printer (203 dpi, Serial, Parallel, USB and Internal ZebraNet 10/100 PrintServer Interfaces, 120VAC Cord-NA, 16MB SDRAM, ZPL II, XML, Clear Media Side Door and Media Hanger) 112-801-00000</p>
<p>The workhorse of the Xi product line, the 110Xi4 was built on the legacy of the Xi series of products. The 110Xi4 was developed to improve overall operat",112-801-00000,,59,"[{""Model"": ""110Xi4""}, {""Product Type"": ""Printer""}, {""Printer Type"": ""Industrial""}, {""Communication"": ""Serial""}, {""Communication"": ""Parallel""}, {""Communication"": ""Ethernet""}, {""Print Technology"": ""Thermal Transfer""}, {""MAP"": ""<img src=/product_images/map2.png alt=MAP POLICY>""}]",https://cdn11.bigcommerce.com/s-d90c8/products/289/images/627/110xi4__70684.1338522718.500.750.jpg?c=2
112-801-00200,Zebra 110Xi4 Bar Code Printer | This printer has been replaced by ZT61042-T210100Z | 112-801-00200,,152,2810.48,https://arrowheadphx.com/zebra-110xi4-bar-code-printer-this-printer-has-been-replaced-by-zt61042-t210100z-112-801-00200/,False,"<p>This printer has been replaced by ZT61042-T210100Z.&nbsp; Description:&nbsp;&nbsp;Standard ZT610 with 203 DPI (8 dots/mm), Rewind with Peel</p> <p>110Xi4 Bar Code Printer (203 dpi, Serial, Parallel, USB and Internal ZebraNet 10/100 PrintServer Interfaces, 120VAC Cord-NA, Rewind with Peel, 16MB SDRAM, ZPL II, XML, Clear Media Side Door and Media Hanger) 112-801-00200</p> <p>The workhorse of the Xi product line, the 110Xi4 was built on the legacy of the Xi series of products. The 110Xi4 was dev",112-801-00200,,62.65,"[{""Model"": ""110Xi4""}, {""Product Type"": ""Printer""}, {""Printer Type"": ""Industrial""}, {""Options"": ""Rewind""}, {""Options"": ""Peel""}, {""Communication"": ""Serial""}, {""Communication"": ""Parallel""}, {""Communication"": ""Ethernet""}, {""Print Technology"": ""Thermal Transfer""}, {""MAP"": ""<img src=/product_images/map2.png alt=MAP POLICY>""}]",https://cdn11.bigcommerce.com/s-d90c8/products/291/images/629/110xi4__14991.1338522718.500.750.jpg?c=2
112-801-00100,Zebra 110Xi4 Bar Code Printer |  This printer has been replaced by ZT61042-T110100Z | 112-801-00100,,152,3151.42,https://arrowheadphx.com/zebra-110xi4-bar-code-printer-this-printer-has-been-replaced-by-zt61042-t110100z-112-801-00100/,False,"<p>This printer has been replaced by ZT61042-T110100Z.&nbsp; Description:&nbsp;Standard ZT610 with 203 DPI (8 dots/mm), Cutter</p> <p>110Xi4 Bar Code Printer (203 dpi, Serial, Parallel, USB and Internal ZebraNet 10/100 PrintServer Interfaces, 120VAC Cord-NA, Cutter with Catch Tray, 16MB SDRAM, ZPL II, XML, Clear Media Side Door and Media Hanger) 112-801-00100</p> <p>The workhorse of the Xi product line, the 110Xi4 was built on the legacy of the Xi series of products. The 110Xi4 was developed to ",112-801-00100,,64.05,"[{""Model"": ""110Xi4""}, {""Product Type"": ""Printer""}, {""Printer Type"": ""Industrial""}, {""Options"": ""Rewind""}, {""Options"": ""Peel""}, {""Communication"": ""Serial""}, {""Communication"": ""Parallel""}, {""Communication"": ""Ethernet""}, {""Print Technology"": ""Thermal Transfer""}, {""MAP"": ""<img src=/product_images/map2.png alt=MAP POLICY>""}]",https://cdn11.bigcommerce.com/s-d90c8/products/292/images/630/110xi4__04513.1338522718.500.750.jpg?c=2
113-801-00000,Zebra 110Xi4 Barcode Printer | This printer has been replaced by ZT61043-T010100Z |,,152,2731.05,https://arrowheadphx.com/zebra-110xi4-barcode-printer-this-printer-has-been-replaced-by-zt61043-t010100z/,False,"<p>This printer has been replaced by ZT61043-T010100Z.&nbsp; Description:&nbsp;&nbsp;Standard ZT610 with 300 DPI (12 dots/mm)</p> <p>110Xi4 Bar Code Printer (300 dpi, Serial, Parallel, USB and Internal ZebraNet 10/100 PrintServer Interfaces, 120VAC Cord-NA, 16MB SDRAM, ZPL II, XML, Clear Media Side Door and Media Hanger) 113-801-00000</p> <p>The workhorse of the Xi product line, the 110Xi4 was built on the legacy of the Xi series of products. The 110Xi4 was developed to improve overall operation",113-801-00000,,59,"[{""Model"": ""110Xi4""}, {""Product Type"": ""Printer""}, {""Printer Type"": ""Industrial""}, {""Communication"": ""Serial""}, {""Communication"": ""Parallel""}, {""Communication"": ""Ethernet""}, {""Print Technology"": ""Thermal Transfer""}, {""MAP"": ""<img src=/product_images/map2.png alt=MAP POLICY>""}]",https://cdn11.bigcommerce.com/s-d90c8/products/293/images/3188/110__82884.1378854439.500.750.jpg?c=2
113-801-00100,Zebra 110Xi4 Bar Code Printer | This printer has been replaced by ZT61043-T110100Z,,152,3322.78,https://arrowheadphx.com/zebra-110xi4-bar-code-printer-this-printer-has-been-replaced-by-zt61043-t110100z/,False,"<p>This printer has been replaced by ZT61043-T110100Z.&nbsp;&nbsp;Description: Standard ZT610 with 300 DPI (12 dots/mm), Cutter</p> <p>110Xi4 Bar Code Printer (300 dpi, Serial, Parallel, USB and Internal ZebraNet 10/100 PrintServer Interfaces, 120VAC Cord-NA, Cutter with Catch Tray, 16MB SDRAM, ZPL II, XML, Clear Media Side Door and Media Hanger) 113-801-00100</p> <p>The workhorse of the Xi product line, the 110Xi4 was built on the legacy of the Xi series of products. The 110Xi4 was developed to",113-801-00100,,32.9,"[{""Model"": ""110Xi4""}, {""Product Type"": ""Printer""}, {""Printer Type"": ""Industrial""}, {""Options"": ""Cutter""}, {""Communication"": ""Serial""}, {""Communication"": ""Parallel""}, {""Communication"": ""Ethernet""}, {""Print Technology"": ""Thermal Transfer""}, {""MAP"": ""<img src=/product_images/map2.png alt=MAP POLICY>""}]",https://cdn11.bigcommerce.com/s-d90c8/products/294/images/632/110xi4__58750.1338522718.500.750.jpg?c=2
113-801-00200,Zebra 110Xi4 Bar Code Printer  | This printer has been replaced by ZT61043-T210100Z,,152,2980.95,https://arrowheadphx.com/zebra-110xi4-bar-code-printer-this-printer-has-been-replaced-by-zt61043-t210100z/,False,"<p>This printer has been replaced by ZT61043-T210100Z.&nbsp; Description:&nbsp;&nbsp;Standard ZT610 with 300 DPI (12 dots/mm), Rewind with Peel</p> <p>110Xi4 Bar Code Printer (300 dpi, Serial, Parallel, USB and Internal ZebraNet 10/100 PrintServer Interfaces, 120VAC Cord-NA, Rewind with Peel, 16MB SDRAM, ZPL II, XML, Clear Media Side Door and Media Hanger) 113-801-00200</p> <p>The workhorse of the Xi product line, the 110Xi4 was built on the legacy of the Xi series of products. The 110Xi4 was de",113-801-00200,,62.8,"[{""Model"": ""110Xi4""}, {""Product Type"": ""Printer""}, {""Printer Type"": ""Industrial""}, {""Options"": ""Rewind""}, {""Options"": ""Peel""}, {""Communication"": ""Serial""}, {""Communication"": ""Parallel""}, {""Communication"": ""Ethernet""}, {""Print Technology"": ""Thermal Transfer""}, {""MAP"": ""<img src=/product_images/map2.png alt=MAP POLICY>""}]",https://cdn11.bigcommerce.com/s-d90c8/products/297/images/635/110xi4__46232.1338522718.500.750.jpg?c=2
116-801-00001,Zebra 110Xi4 Bar Code Printer  | This printer has been replaced by ZT61046-T010100Z,,152,4266.15,https://arrowheadphx.com/zebra-110xi4-bar-code-printer-this-printer-has-been-replaced-by-zt61046-t010100z/,False,"<p>This printer has been replaced by ZT61046-T010100Z.&nbsp; Description:&nbsp;&nbsp;Standard ZT610 with 600 DPI (24 dots/mm)</p> <p>110Xi4 Bar Code Printer (600 dpi, Serial, Parallel, USB and Internal ZebraNet 10/100 PrintServer Interfaces, 120VAC Cord-NA, 16MB SDRAM, ZPL II, XML, Clear Media Side Door and 3-Inch Media Supply Spindle) 116-801-00001</p> <p>The workhorse of the Xi product line, the 110Xi4 was built on the legacy of the Xi series of products. The 110Xi4 was developed to improve ov",116-801-00001,,58.85,"[{""Model"": ""110Xi4""}, {""Product Type"": ""Printer""}, {""Printer Type"": ""Industrial""}, {""Communication"": ""Serial""}, {""Communication"": ""Parallel""}, {""Communication"": ""Ethernet""}, {""Print Technology"": ""Thermal Transfer""}, {""MAP"": ""<img src=/product_images/map2.png alt=MAP POLICY>""}]",https://cdn11.bigcommerce.com/s-d90c8/products/300/images/638/110xi4__72530.1338522719.500.750.jpg?c=2
116-801-00101,Zebra 110Xi4 Bar Code Printer  116-801-00101 | 116-801-00101,,152,4859.66,https://arrowheadphx.com/110xi4-bar-code-printer-116-801-00101/,False,"<p>110Xi4 Bar Code Printer (600 dpi, Serial, Parallel, USB and Internal ZebraNet 10/100 PrintServer, 120VAC Cord-NA, Cutter with Catch Tray, 16MB SDRAM, ZPL II, XML, Clear Media Side Door and 3-Inch Media Supply Spindle) 116-801-00101</p> <p>The workhorse of the Xi product line, the 110Xi4 was built on the legacy of the Xi series of products. The 110Xi4 was developed to improve overall operational productivity and efficiency in a variety of environments. The 110Xi4 printer is ideal for a variety",116-801-00101,,63.45,"[{""Model"": ""110Xi4""}, {""Product Type"": ""Printer""}, {""Printer Type"": ""Industrial""}, {""Options"": ""Cutter""}, {""Communication"": ""Serial""}, {""Communication"": ""Parallel""}, {""Communication"": ""Ethernet""}, {""Print Technology"": ""Thermal Transfer""}, {""MAP"": ""<img src=/product_images/map2.png alt=MAP POLICY>""}]",https://cdn11.bigcommerce.com/s-d90c8/products/301/images/3132/116_801_00101__00724.1378230213.500.750.jpg?c=2
116-801-00201,Zebra 110Xi4 Bar Code Printer  | This printer has been replaced by ZT61046-T210100Z,,152,4518.73,https://arrowheadphx.com/zebra-110xi4-bar-code-printer-this-printer-has-been-replaced-by-zt61046-t210100z/,False,"<p>This printer has been replaced by ZT61046-T210100Z.&nbsp; Description:&nbsp;&nbsp;Standard ZT610 with 600 DPI (24 dots/mm), Rewind with Peel</p> <p>110Xi4 Bar Code Printer (600 dpi, Serial, Parallel, USB and Internal ZebraNet 10/100 PrintServer Interfaces, 120VAC Cord-NA, Rewind with Peel, 16MB SDRAM, ZPL II, XML, Clear Media Side Door and 3-Inch Media Supply Spindle) 116-801-00201</p> <p>The workhorse of the Xi product line, the 110Xi4 was built on the legacy of the Xi series of products. Th",116-801-00201,,62.65,"[{""Model"": ""110Xi4""}, {""Product Type"": ""Printer""}, {""Printer Type"": ""Industrial""}, {""Options"": ""Rewind""}, {""Options"": ""Peel""}, {""Communication"": ""Serial""}, {""Communication"": ""Parallel""}, {""Communication"": ""Ethernet""}, {""Print Technology"": ""Thermal Transfer""}, {""MAP"": ""<img src=/product_images/map2.png alt=MAP POLICY>""}]",https://cdn11.bigcommerce.com/s-d90c8/products/302/images/640/110xi4__12675.1338522719.500.750.jpg?c=2
140-801-00000,Zebra 140Xi4 Direct Thermal-Thermal Transfer Bar Code Printer  140-801-00000 | 140-801-00000,,158,4011.79,https://arrowheadphx.com/zebra-140xi4-direct-thermal-thermal-transfer-bar-code-printer-140-801-00000/,False,"<p>140Xi4 Direct Thermal-Thermal Transfer Bar Code Printer (203 dpi, Serial, Parallel, USB, Internal ZebraNet 10/100 PrintServer, 120VAC Cord-NA, 16MB SDRAM, ZPL II, XML, Clear Media Side Door and Media Hanger) 140-801-00000</p> <p>Another addition to Zebra's Xi4 product line is the 140Xi4. Built on the proven Xi series platform that is known for rugged durability and performance, the new Xi4 brings several additional features to high-volume, mission-critical applications and environments that r",140-801-00000,,61.3,"[{""Model"": ""140Xi4""}, {""Product Type"": ""Printer""}, {""Printer Type"": ""Industrial""}, {""Communication"": ""Serial""}, {""Communication"": ""Parallel""}, {""Communication"": ""Ethernet""}, {""Print Technology"": ""Thermal Transfer""}, {""MAP"": ""<img src=/product_images/map2.png alt=MAP POLICY>""}]",https://cdn11.bigcommerce.com/s-d90c8/products/303/images/641/zebra_140xi4__30653.1338523479.500.750.jpg?c=2
140-801-00100,Zebra 140Xi4 Direct Thermal-Thermal Transfer Bar Code Printer  140-801-00100 | 140-801-00100,,158,4603.52,https://arrowheadphx.com/140xi4-direct-thermal-thermal-transfer-bar-code-printer-140-801-00100/,True,"<p>140Xi4 Direct Thermal-Thermal Transfer Bar Code Printer (203 dpi, Serial, Parallel, USB, Internal ZebraNet 10/100 PrintServer, 120VAC Cord-NA, Cutter with Catch Tray, 16MB SDRAM, ZPL II, XML, Clear Media Side Door and Media Hanger) 140-801-00100</p> <p>Another addition to Zebra's Xi4 product line is the 140Xi4. Built on the proven Xi series platform that is known for rugged durability and performance, the new Xi4 brings several additional features to high-volume, mission-critical applications",140-801-00100,,66.65,"[{""Model"": ""140Xi4""}, {""Product Type"": ""Printer""}, {""Printer Type"": ""Industrial""}, {""Options"": ""Cutter""}, {""Communication"": ""Serial""}, {""Communication"": ""Parallel""}, {""Communication"": ""Ethernet""}, {""Print Technology"": ""Thermal Transfer""}, {""MAP"": ""<img src=/product_images/map2.png alt=MAP POLICY>""}]",https://cdn11.bigcommerce.com/s-d90c8/products/305/images/643/zebra_140xi4__46657.1338523479.500.750.jpg?c=2
140-801-00200,Zebra 140Xi4 Direct Thermal-Thermal Transfer Bar Code Printer 140-801-00200 | 140-801-00200,,158,4261.69,https://arrowheadphx.com/zebra-140xi4-direct-thermal-thermal-transfer-bar-code-printer-140-801-00200/,False,"<p>140Xi4 Direct Thermal-Thermal Transfer Bar Code Printer (203 dpi, Serial, Parallel, USB, Internal ZebraNet 10/100 PrintServer, 120VAC Cord-NA, Rewind with Peel, 16MB SDRAM, ZPL II, XML, Clear Media Side Door and Media Hanger) 140-801-00200</p> <p>Another addition to Zebra's Xi4 product line is the 140Xi4. Built on the proven Xi series platform that is known for rugged durability and performance, the new Xi4 brings several additional features to high-volume, mission-critical applications and e",140-801-00200,,65.9,"[{""Model"": ""140Xi4""}, {""Product Type"": ""Printer""}, {""Printer Type"": ""Industrial""}, {""Options"": ""Rewind""}, {""Options"": ""Peel""}, {""Communication"": ""Serial""}, {""Communication"": ""Parallel""}, {""Communication"": ""Ethernet""}, {""Print Technology"": ""Thermal Transfer""}, {""MAP"": ""<img src=/product_images/map2.png alt=MAP POLICY>""}]",https://cdn11.bigcommerce.com/s-d90c8/products/306/images/644/zebra_140xi4__65917.1338523479.500.750.jpg?c=2
170-801-00000,Zebra 170Xi4 Direct Thermal-Thermal Transfer Bar Code Printer | This printer has been replaced by ZT62063-T010100Z,,164,4694.55,https://arrowheadphx.com/zebra-170xi4-direct-thermal-thermal-transfer-bar-code-printer-this-printer-has-been-replaced-by-zt62063-t010100z/,False,"<p>This printer has been replaced by ZT62063-T010100Z.&nbsp; Description:&nbsp;&nbsp;Standard ZT620 with 300 DPI (12 dots/mm)</p> <p>170Xi4 Direct Thermal-Thermal Transfer Bar Code Printer (300 dpi, Serial, Parallel, USB, Internal ZebraNet 10/100 PrintServer, 120VAC Cord-NA, 16MB SDRAM, ZPL II, XML, Clear Media Side Door and Media Hanger) 170-801-00000</p> <p>The industrial-strength 170Xi4 with 203- or 300-dpi (8 or 12 dots per mm) print resolution can print large volumes of labels, promoting gr",170-801-00000,,67.65,"[{""Model"": ""170Xi4""}, {""Product Type"": ""Printer""}, {""Printer Type"": ""Industrial""}, {""Communication"": ""Serial""}, {""Communication"": ""Parallel""}, {""Communication"": ""Ethernet""}, {""Print Technology"": ""Thermal Transfer""}, {""MAP"": ""<img src=/product_images/map2.png alt=MAP POLICY>""}]",https://cdn11.bigcommerce.com/s-d90c8/products/314/images/647/zebra_170xi4__05635.1338524156.500.750.jpg?c=2
220-801-00000,"TT Printer 220Xi4; 203dpi, US Cord, Serial, Parallel, USB, Int 10/100 | 220-801-00000",,1609,6235.28,https://arrowheadphx.com/220xi4-direct-thermal-thermal-transfer-bar-code-printer-220-801-00000/,True,"TT Printer 220Xi4; 203dpi, US Cord, Serial, Parallel, USB, Int 10/100",220-801-00000,,2,"[{""PRODUCT_TYPE"": ""Printer""}, {""PRODUCT_CATEGORY"": ""Printers""}, {""PRODUCT_SUB_CATEGORY"": ""Industrial Printers""}, {""PRODUCT_MODEL_TYPE"": ""220Xi4""}, {""PRODUCT_FRIENDLY_NAME"": ""220Xi4 High Performance Industrial 8-inch Wide Standard""}, {""ITEM_TYPE"": ""Standard Configurations""}, {""SHORT_MARKETING_DESC"": ""TT Printer 220Xi4; 203dpi, US Cord, Serial, Parallel, USB, Int 10/100""}, {""MARKETING_PRODUCT_TYPE"": ""Products""}, {""FEATURE_1"": ""Designed for fast printing of chemical drum and other wide-label applications""}, {""FEATURE_2"": ""The Zebra 220Xi4 printer is legendary for durability, outstanding print quality, fast throughput, long life and unparalleled reliability in demanding applications.""}, {""FEATURE_3"": ""The Zebra 220Xi4 is easy to integrate with a variety of network connections.""}, {""FEATURE_4"": ""The front panel display simplifies setup and has an optional customizable menu and support for a wide assortment of languages.""}, {""FEATURE_5"": ""The long-proven Xi series platform is designed and built to work nonstop, all day, every day.""}, {""IMAGE_URL"": ""https://www.zebra.com/content/dam/zebra_dam/global/photography/product/0007/220xi4-no-media-photo.220Xi4_nomedia-web-72dpi.jpeg?im=p""}, {""STATUS"": ""Production""}, {""PART_NUMBER"": ""220-801-00000""}, {""LIST_PRICE"": ""7944.060000""}, {""MAP_PRICE"": ""6752.451000""}, {""SPEC_SHEET_URL"": ""https://www.zebra.com/content/dam/zebra_dam/en/spec-sheets/220xi4-spec-sheet-en-us.pdf""}, {""FAQ_URL"": ""https://www.zebra.com/content/dam/zebra_dam/en/faq/printhead-eol-printer-replacement-faq-en-us.pdf""}, {""FAQ_URL"": ""https://www.zebra.com/content/dam/zebra_dam/en/faq/Xi4-FAQs-English.docx""}, {""SUPPLY_MODEL"": ""220Xi4 High Performance Industrial 8-inch Wide Standard""}, {""PRINT_WIDTH"": ""8.5-inch""}, {""PRINT_RESOLUTION"": ""203 dpi, 300 dpi""}, {""PRODUCT_FAMILY"": ""220Xi4""}]",https://cdn11.bigcommerce.com/s-d90c8/products/319/images/652/zebra_220xi4__72711.1338524863.500.750.jpg?c=2
220-801-00100,"TT Printer 220Xi4; 203dpi, US Cord, Serial, Parallel, USB, Int 10/100, Cutter with Catch Tray | 220-801-00100",,1609,7428.5,https://arrowheadphx.com/tt-printer-220xi4-203dpi-us-cord-serial-parallel-usb-int-10-100-cutter-with-catch-tray-220-801-00100/,True,"TT Printer 220Xi4; 203dpi, US Cord, Serial, Parallel, USB, Int 10/100, Cutter with Catch Tray",220-801-00100,,1,"[{""PRODUCT_TYPE"": ""Printer""}, {""PRODUCT_CATEGORY"": ""Printers""}, {""PRODUCT_SUB_CATEGORY"": ""Industrial Printers""}, {""PRODUCT_MODEL_TYPE"": ""220Xi4""}, {""PRODUCT_FRIENDLY_NAME"": ""220Xi4 High Performance Industrial 8-inch Wide Standard""}, {""ITEM_TYPE"": ""Standard Configurations""}, {""SHORT_MARKETING_DESC"": ""TT Printer 220Xi4; 203dpi, US Cord, Serial, Parallel, USB, Int 10/100, Cutter with Catch Tray""}, {""MARKETING_PRODUCT_TYPE"": ""Products""}, {""FEATURE_1"": ""Designed for fast printing of chemical drum and other wide-label applications""}, {""FEATURE_2"": ""The Zebra 220Xi4 printer is legendary for durability, outstanding print quality, fast throughput, long life and unparalleled reliability in demanding applications.""}, {""FEATURE_3"": ""The Zebra 220Xi4 is easy to integrate with a variety of network connections.""}, {""FEATURE_4"": ""The front panel display simplifies setup and has an optional customizable menu and support for a wide assortment of languages.""}, {""FEATURE_5"": ""The long-proven Xi series platform is designed and built to work nonstop, all day, every day.""}, {""IMAGE_URL"": ""https://www.zebra.com/content/dam/zebra_dam/global/photography/product/0007/220xi4-no-media-photo.220Xi4_nomedia-web-72dpi.jpeg?im=p""}, {""STATUS"": ""Production""}, {""PART_NUMBER"": ""220-801-00100""}, {""LIST_PRICE"": ""9464.280000""}, {""MAP_PRICE"": ""8044.638000""}, {""SPEC_SHEET_URL"": ""https://www.zebra.com/content/dam/zebra_dam/en/spec-sheets/220xi4-spec-sheet-en-us.pdf""}, {""FAQ_URL"": ""https://www.zebra.com/content/dam/zebra_dam/en/faq/printhead-eol-printer-replacement-faq-en-us.pdf""}, {""FAQ_URL"": ""https://www.zebra.com/content/dam/zebra_dam/en/faq/Xi4-FAQs-English.docx""}, {""SUPPLY_MODEL"": ""220Xi4 High Performance Industrial 8-inch Wide Standard""}, {""PRINT_WIDTH"": ""8.5-inch""}, {""PRINT_RESOLUTION"": ""203 dpi, 300 dpi""}, {""PRODUCT_FAMILY"": ""220Xi4""}]",https://cdn11.bigcommerce.com/s-d90c8/products/321/images/654/zebra_220xi4__45658.1338524863.500.750.jpg?c=2
220-801-00200,"TT Printer 220Xi4; 203dpi, US Cord, Serial, Parallel, USB, Int 10/100, Rewind with Peel | 220-801-00200",,1609,6813.36,https://arrowheadphx.com/220xi4-direct-thermal-thermal-transfer-bar-code-printer-220-801-00200/,False,"TT Printer 220Xi4; 203dpi, US Cord, Serial, Parallel, USB, Int 10/100, Rewind with Peel",220-801-00200,,2,"[{""PRODUCT_TYPE"": ""Printer""}, {""PRODUCT_CATEGORY"": ""Printers""}, {""PRODUCT_SUB_CATEGORY"": ""Industrial Printers""}, {""PRODUCT_MODEL_TYPE"": ""220Xi4""}, {""PRODUCT_FRIENDLY_NAME"": ""220Xi4 High Performance Industrial 8-inch Wide Standard""}, {""ITEM_TYPE"": ""Standard Configurations""}, {""SHORT_MARKETING_DESC"": ""TT Printer 220Xi4; 203dpi, US Cord, Serial, Parallel, USB, Int 10/100, Rewind with Peel""}, {""MARKETING_PRODUCT_TYPE"": ""Products""}, {""FEATURE_1"": ""Designed for fast printing of chemical drum and other wide-label applications""}, {""FEATURE_2"": ""The Zebra 220Xi4 printer is legendary for durability, outstanding print quality, fast throughput, long life and unparalleled reliability in demanding applications.""}, {""FEATURE_3"": ""The Zebra 220Xi4 is easy to integrate with a variety of network connections.""}, {""FEATURE_4"": ""The front panel display simplifies setup and has an optional customizable menu and support for a wide assortment of languages.""}, {""FEATURE_5"": ""The long-proven Xi series platform is designed and built to work nonstop, all day, every day.""}, {""IMAGE_URL"": ""https://www.zebra.com/content/dam/zebra_dam/global/photography/product/0007/220xi4-no-media-photo.220Xi4_nomedia-web-72dpi.jpeg?im=p""}, {""STATUS"": ""Production""}, {""PART_NUMBER"": ""220-801-00200""}, {""LIST_PRICE"": ""8680.540000""}, {""MAP_PRICE"": ""7378.459000""}, {""SPEC_SHEET_URL"": ""https://www.zebra.com/content/dam/zebra_dam/en/spec-sheets/220xi4-spec-sheet-en-us.pdf""}, {""FAQ_URL"": ""https://www.zebra.com/content/dam/zebra_dam/en/faq/printhead-eol-printer-replacement-faq-en-us.pdf""}, {""FAQ_URL"": ""https://www.zebra.com/content/dam/zebra_dam/en/faq/Xi4-FAQs-English.docx""}, {""SUPPLY_MODEL"": ""220Xi4 High Performance Industrial 8-inch Wide Standard""}, {""PRINT_WIDTH"": ""8.5-inch""}, {""PRINT_RESOLUTION"": ""203 dpi, 300 dpi""}, {""PRODUCT_FAMILY"": ""220Xi4""}]",https://cdn11.bigcommerce.com/s-d90c8/products/322/images/655/zebra_220xi4__63683.1338524863.500.750.jpg?c=2
223-801-00000,"TT Printer 220Xi4; 300dpi, US Cord, Serial, Parallel, USB, Int 10/100 | 223-801-00000",,1609,6409.57,https://arrowheadphx.com/220xi4-direct-thermal-thermal-transfer-bar-code-printer-223-801-00000/,True,"TT Printer 220Xi4; 300dpi, US Cord, Serial, Parallel, USB, Int 10/100",223-801-00000,,2,"[{""PRODUCT_TYPE"": ""Printer""}, {""PRODUCT_CATEGORY"": ""Printers""}, {""PRODUCT_SUB_CATEGORY"": ""Industrial Printers""}, {""PRODUCT_MODEL_TYPE"": ""220Xi4""}, {""PRODUCT_FRIENDLY_NAME"": ""220Xi4 High Performance Industrial 8-inch Wide Standard""}, {""ITEM_TYPE"": ""Standard Configurations""}, {""SHORT_MARKETING_DESC"": ""TT Printer 220Xi4; 300dpi, US Cord, Serial, Parallel, USB, Int 10/100""}, {""MARKETING_PRODUCT_TYPE"": ""Products""}, {""FEATURE_1"": ""Designed for fast printing of chemical drum and other wide-label applications""}, {""FEATURE_2"": ""The Zebra 220Xi4 printer is legendary for durability, outstanding print quality, fast throughput, long life and unparalleled reliability in demanding applications.""}, {""FEATURE_3"": ""The Zebra 220Xi4 is easy to integrate with a variety of network connections.""}, {""FEATURE_4"": ""The front panel display simplifies setup and has an optional customizable menu and support for a wide assortment of languages.""}, {""FEATURE_5"": ""The long-proven Xi series platform is designed and built to work nonstop, all day, every day.""}, {""IMAGE_URL"": ""https://www.zebra.com/content/dam/zebra_dam/global/photography/product/0007/220xi4-no-media-photo.220Xi4_nomedia-web-72dpi.jpeg?im=p""}, {""STATUS"": ""Production""}, {""PART_NUMBER"": ""223-801-00000""}, {""LIST_PRICE"": ""8166.110000""}, {""MAP_PRICE"": ""6941.193400""}, {""SPEC_SHEET_URL"": ""https://www.zebra.com/content/dam/zebra_dam/en/spec-sheets/220xi4-spec-sheet-en-us.pdf""}, {""FAQ_URL"": ""https://www.zebra.com/content/dam/zebra_dam/en/faq/printhead-eol-printer-replacement-faq-en-us.pdf""}, {""FAQ_URL"": ""https://www.zebra.com/content/dam/zebra_dam/en/faq/Xi4-FAQs-English.docx""}, {""SUPPLY_MODEL"": ""220Xi4 High Performance Industrial 8-inch Wide Standard""}, {""PRINT_WIDTH"": ""8.5-inch""}, {""PRINT_RESOLUTION"": ""203 dpi, 300 dpi""}, {""PRODUCT_FAMILY"": ""220Xi4""}]",https://cdn11.bigcommerce.com/s-d90c8/products/323/images/656/zebra_220xi4__64320.1338524863.500.750.jpg?c=2
223-801-00200,"TT Printer 220Xi4; 300dpi, US Cord, Serial, Parallel, USB, Int 10/100, Rewind with Peel | 223-801-00200",,1609,6985.04,https://arrowheadphx.com/zebra-220xi4-direct-thermal-thermal-transfer-tabletop-industrial-printer-223-801-00200-223-801-00200/,True,"TT Printer 220Xi4; 300dpi, US Cord, Serial, Parallel, USB, Int 10/100, Rewind with Peel",223-801-00200,,1,"[{""PRODUCT_TYPE"": ""Printer""}, {""PRODUCT_CATEGORY"": ""Printers""}, {""PRODUCT_SUB_CATEGORY"": ""Industrial Printers""}, {""PRODUCT_MODEL_TYPE"": ""220Xi4""}, {""PRODUCT_FRIENDLY_NAME"": ""220Xi4 High Performance Industrial 8-inch Wide Standard""}, {""ITEM_TYPE"": ""Standard Configurations""}, {""SHORT_MARKETING_DESC"": ""TT Printer 220Xi4; 300dpi, US Cord, Serial, Parallel, USB, Int 10/100, Rewind with Peel""}, {""MARKETING_PRODUCT_TYPE"": ""Products""}, {""FEATURE_1"": ""Designed for fast printing of chemical drum and other wide-label applications""}, {""FEATURE_2"": ""The Zebra 220Xi4 printer is legendary for durability, outstanding print quality, fast throughput, long life and unparalleled reliability in demanding applications.""}, {""FEATURE_3"": ""The Zebra 220Xi4 is easy to integrate with a variety of network connections.""}, {""FEATURE_4"": ""The front panel display simplifies setup and has an optional customizable menu and support for a wide assortment of languages.""}, {""FEATURE_5"": ""The long-proven Xi series platform is designed and built to work nonstop, all day, every day.""}, {""IMAGE_URL"": ""https://www.zebra.com/content/dam/zebra_dam/global/photography/product/0007/220xi4-no-media-photo.220Xi4_nomedia-web-72dpi.jpeg?im=p""}, {""STATUS"": ""Production""}, {""PART_NUMBER"": ""223-801-00200""}, {""LIST_PRICE"": ""8899.290000""}, {""MAP_PRICE"": ""7564.396500""}, {""SPEC_SHEET_URL"": ""https://www.zebra.com/content/dam/zebra_dam/en/spec-sheets/220xi4-spec-sheet-en-us.pdf""}, {""FAQ_URL"": ""https://www.zebra.com/content/dam/zebra_dam/en/faq/printhead-eol-printer-replacement-faq-en-us.pdf""}, {""FAQ_URL"": ""https://www.zebra.com/content/dam/zebra_dam/en/faq/Xi4-FAQs-English.docx""}, {""SUPPLY_MODEL"": ""220Xi4 High Performance Industrial 8-inch Wide Standard""}, {""PRINT_WIDTH"": ""8.5-inch""}, {""PRINT_RESOLUTION"": ""203 dpi, 300 dpi""}, {""PRODUCT_FAMILY"": ""220Xi4""}]",https://cdn11.bigcommerce.com/s-d90c8/products/324/images/657/zebra_220xi4__93146.1338524863.500.750.jpg?c=2
G32432-1M,Kit Printhead 203 dpi 105SL| G32432-1M | G32432-1M,,1776,703.69,https://arrowheadphx.com/kit-printhead-203-dpi-for-105sl/,False,Kit Printhead 203 dpi 105SL| G32432-1M,G32432-1M,,3,"[{""Model"": ""105SL""}, {""Product Type"": ""Parts""}, {""Printer Type"": ""Industrial""}, {""PRODUCT_FAMILY"": ""SPS Printheads""}]",https://cdn11.bigcommerce.com/s-d90c8/products/325/images/784/18__30089.1339381727.500.750.GIF?c=2
G32433M,Kit Printhead 300 dpi 105SL| G32433M | G32433M,,1776,789.11,https://arrowheadphx.com/zebra-kit-printhead-300-dpi-for-105sl-g32433m/,False,Kit Printhead 300 dpi 105SL| G32433M,G32433M,,3,"[{""Model"": ""105SL""}, {""Product Type"": ""Parts""}, {""Printer Type"": ""Industrial""}]",https://cdn11.bigcommerce.com/s-d90c8/products/326/images/783/17__11725.1339381715.500.750.jpg?c=2
G32011M,Zebra Platen Roller for 105SL G32011M | G32011M,,12,84.94,https://arrowheadphx.com/zebraplaten-roller-for-105sl/,False,"<p><strong><span style=""text-decoration: underline;"">Specifications</span></strong><br /> <strong>Product Type: </strong> Plasten Rollers<br /> <strong>Compatible Printers:</strong> 105SL</p>",G32011M,,1,"[{""Model"": ""105SL""}, {""Product Type"": ""Parts""}, {""Printer Type"": ""Industrial""}]",https://cdn11.bigcommerce.com/s-d90c8/products/327/images/782/16__47611.1339381704.500.750.jpg?c=2
G32028M,Zebra Media Sensor for 105SL G32028M | G32028M,,12,121.06,https://arrowheadphx.com/zebra-media-sensor-for-105sl/,False,"<p>Media Sensor for 105SL</p> <p>&nbsp;</p> <p>&nbsp;</p> <p>&nbsp;</p> <div class=""text section""> <div class=""zebra-text""> <p><strong>Call for Availability&nbsp;&nbsp;</strong></p> <p>&nbsp;</p> <p>Price and availability are subject to change.&nbsp;&nbsp;</p> <p>Printer Discontinuation Date:&nbsp;<strong>June 30, 2013</strong></p> <p>Service &amp; Support Discontinuation Date:&nbsp;<strong>September 30, 2018</strong></p> </div> </div> <div class=""columncontrol section""><span id=""columncontrol_2",G32028M,,1,"[{""Model"": ""105SL""}, {""Product Type"": ""Parts""}, {""Printer Type"": ""Industrial""}]",https://cdn11.bigcommerce.com/s-d90c8/products/328/images/785/15__78033.1339381733.500.750.jpg?c=2
G38226M,Kit Reflective Media (Black Mark) Sensor | G38226M,,12,126.9,https://arrowheadphx.com/reflective-sensor-black-mark-sensor-for-105sl-220xi3-170xi3-140xi3-110xi3/,False,"<p><span>Reflective B' Mark M Sensor for the 105SL</span></p> <p>&nbsp;</p> <div class=""text section""> <div class=""zebra-text""> <p><strong>Call for Availability&nbsp;&nbsp;</strong></p> <p>&nbsp;</p> <p>Price and availability are subject to change on all EOL parts.&nbsp;&nbsp;</p> <p>Printer Discontinuation Date:&nbsp;<strong>June 30, 2013</strong></p> <p>Service &amp; Support Discontinuation Date:&nbsp;<strong>September 30, 2018</strong></p> </div> </div> <div class=""columncontrol section""><spa",G38226M,,0.24,"[{""Model"": ""105SL""}, {""Product Type"": ""Parts""}, {""Printer Type"": ""Industrial""}]",https://cdn11.bigcommerce.com/s-d90c8/products/329/images/746/11__16774.1339367554.500.750.jpg?c=2
G46665M,"Discontinued, no longer available to order | Kit Ribbon Sensor | G46665M",,12,67.36,https://arrowheadphx.com/discontinued-no-longer-available-to-order-kit-ribbon-sensor-g46665m/,False,"<p>Discontinued item, no longer available to order new, no direct replacement</p> <p>Ribbon Out Sensor for 105SL 220Xi3+ 170Xi3+ 140Xi3+ ??????_110Xi3+</p>",G46665M,,1,"[{""Model"": ""105SL""}, {""Product Type"": ""Parts""}, {""Printer Type"": ""Industrial""}]",https://cdn11.bigcommerce.com/s-d90c8/products/330/images/760/208998__70396.1339370343.500.750.jpg?c=2
79800M,Kit Printhead 203 dpi ZM400 | 79800M,,1520,642.23,https://arrowheadphx.com/zebra-printhead-203-dpi-for-zm400-79800m/,False,Kit Printhead 203 dpi ZM400| 79800M,79800M,,3,"[{""PRODUCT_TYPE"": ""Repair Parts""}, {""PRODUCT_CATEGORY"": ""Printers""}, {""PRODUCT_SUB_CATEGORY"": ""Printer Parts""}, {""PRODUCT_SUB_CATEGORY_TYPE"": ""Aftermarket Kit - Label""}, {""ITEM_TYPE"": ""Repair Parts""}, {""SHORT_MARKETING_DESC"": ""Kit Printhead 203 dpi ZM400""}, {""MARKETING_PRODUCT_TYPE"": ""Products""}, {""FEATURE_1"": ""Certified Zebra Parts.""}, {""FEATURE_2"": ""Zebra Parts are manufactured to meet all of Zebra's standards.""}, {""FEATURE_3"": ""This genuine Parts is made to work with select Zebra Printers.""}, {""FEATURE_4"": ""Built to ensure the highest quality, reliability, and performance.""}, {""FEATURE_5"": ""Works with Zebra's high-end performance products.""}, {""IMAGE_URL"": ""https://www.zebra.com/content/dam/zebra_dam/global/photography/product/0013/79800m-photography-product-accessory-printhead.jpg?im=p""}, {""STATUS"": ""Production""}, {""PART_NUMBER"": ""79800M""}, {""LIST_PRICE"": ""682.950000""}, {""MAP_PRICE"": ""682.950000""}, {""SUPPLY_MODEL"": ""RZ400 RFID Printer (Discontinued), ZM400 Industrial (Discontinued)""}, {""PRODUCT_FAMILY"": ""SPS Printheads""}]",https://cdn11.bigcommerce.com/s-d90c8/products/332/images/9125/Zebra_Technologies_79800M__98607.1566322342.500.750.jpg?c=2
79801M,Kit Printhead 300 dpi ZM400| 79801M | 79801M,,1565,767.76,https://arrowheadphx.com/zebra-printhead-300-dpi-for-zm400-79801m/,False,Kit Printhead 300 dpi ZM400| 79801M,79801M,,3,"[{""Model"": ""ZM400""}, {""Product Type"": ""Parts""}, {""Printer Type"": ""Industrial""}]",https://cdn11.bigcommerce.com/s-d90c8/products/333/images/1003/4__71999.1339649654.500.750.jpg?c=2
79802M,Kit Printhead 600 dpi ZM400| 79802M | 79802M,,1565,1851.13,https://arrowheadphx.com/zebra-printhead-600-dpi-for-zm400-79802m/,False,Kit Printhead 600 dpi ZM400| 79802M,79802M,,3,"[{""Model"": ""ZM400""}, {""Product Type"": ""Parts""}, {""Printer Type"": ""Industrial""}]",https://cdn11.bigcommerce.com/s-d90c8/products/334/images/3133/79802m__49437.1378230296.500.750.jpg?c=2
79815M,Zebra Platen Roller for ZM400 79815M | 79815M,,150,80.84,https://arrowheadphx.com/platen-roller-for-zm400/,False,"<p><strong><span style=""text-decoration: underline;"">Specifications</span></strong><br /> <strong>Compatible Printers:</strong> Zm400<br /> <strong>Product Type: </strong> Platen Roller</p>",79815M,,1,"[{""Model"": ""ZM400""}, {""Product Type"": ""Parts""}, {""Printer Type"": ""Industrial""}]",https://cdn11.bigcommerce.com/s-d90c8/products/335/images/1001/2__86193.1339649619.500.750.jpg?c=2
79848M,Kit Maint Media Sensor ZM400 | 79848M,,150,264.59,https://arrowheadphx.com/media-sensor-for-zm400/,False,"<p>Media Sensor for ZM400</p> <p>&nbsp;</p> <div class=""text section""> <div class=""zebra-text""> <p>Printer Discontinuation Date: &nbsp;<strong>September 30, 2014</strong>&nbsp;<br />Service and Support Discontinuation Date: &nbsp;<strong>December 30, 2019</strong></p> </div> </div> <div class=""columncontrol section""><span id=""columncontrol_19f3""></span> <div class=""column-control row""> <div class=""col-md-6""> <div> <div class=""calltoaction section""><span id=""calltoaction_fcfe""></span> <div class=",79848M,,1,"[{""Model"": ""ZM400""}, {""Product Type"": ""Parts""}, {""Printer Type"": ""Industrial""}]",https://cdn11.bigcommerce.com/s-d90c8/products/336/images/1000/1__83233.1339649609.500.750.jpg?c=2
79821M,KIT SENSOR RIBBON HEAD OPEN ZM | 79821M,,150,66,https://arrowheadphx.com/head-open-ribbon-out-sensor-for-zm400-zm600/,False,<p>Head Open/Ribbon Out Sensor for ZM400 &amp; ZM600</p>,79821M,,1,"[{""Model"": ""ZM400""}, {""Model"": ""ZM600""}, {""Product Type"": ""Parts""}, {""Printer Type"": ""Industrial""}]",https://cdn11.bigcommerce.com/s-d90c8/products/337/images/999/7__32810.1339649088.500.750.jpg?c=2
79825M,Zebra Control Panel for ZM400 & ZM600 79825M | 79825M,,150,519,https://arrowheadphx.com/control-panel-for-zm400-zm600/,False,<p>Control Panel for ZM400 &amp; ZM600</p>,79825M,,1,"[{""Model"": ""ZM400""}, {""Model"": ""ZM600""}, {""Product Type"": ""Parts""}, {""Printer Type"": ""Industrial""}]",https://cdn11.bigcommerce.com/s-d90c8/products/338/images/998/6__34929.1339649073.500.750.jpg?c=2
79866M,Kit Drive Belt 203 dpi ZT400 Series ZMx00 Series | 79866M,,1520,36.19,https://arrowheadphx.com/drive-belt-for-203-dpi-for-zm400-zm600/,True,Kit Drive Belt 203 dpi ZT400 Series ZMx00 Series,79866M,,2,"[{""PRODUCT_TYPE"": ""Repair Parts""}, {""PRODUCT_CATEGORY"": ""Printers""}, {""PRODUCT_SUB_CATEGORY"": ""Printer Parts""}, {""PRODUCT_SUB_CATEGORY_TYPE"": ""Spare Part Kit - Label""}, {""ITEM_TYPE"": ""Repair Parts""}, {""SHORT_MARKETING_DESC"": ""Kit Drive Belt 203 dpi ZT400 Series ZMx00 Series""}, {""MARKETING_PRODUCT_TYPE"": ""Products""}, {""FEATURE_1"": ""Certified Zebra Parts.""}, {""FEATURE_2"": ""Zebra Parts are manufactured to meet all of Zebra's standards.""}, {""FEATURE_3"": ""This genuine Parts is made to work with select Zebra Printers.""}, {""FEATURE_4"": ""Built to ensure the highest quality, reliability, and performance.""}, {""FEATURE_5"": ""Works with Zebra's high-end performance products.""}, {""STATUS"": ""Production""}, {""PART_NUMBER"": ""79866M""}, {""LIST_PRICE"": ""36.920000""}, {""MAP_PRICE"": ""36.920000""}, {""PRODUCT_FAMILY"": ""SPS Parts""}]",https://cdn11.bigcommerce.com/s-d90c8/products/339/images/997/5__84488.1339649059.500.750.jpg?c=2
79867M,Kit Drive Belt 300 & 600 dpi ZT400 Series ZMx00 Series | 79867M,,1520,36.19,https://arrowheadphx.com/drive-belt-for-300-600-dpi-for-zm400-zm600/,True,Kit Drive Belt 300 & 600 dpi ZT400 Series ZMx00 Series,79867M,,2,"[{""PRODUCT_TYPE"": ""Repair Parts""}, {""PRODUCT_CATEGORY"": ""Printers""}, {""PRODUCT_SUB_CATEGORY"": ""Printer Parts""}, {""PRODUCT_SUB_CATEGORY_TYPE"": ""Spare Part Kit - Label""}, {""ITEM_TYPE"": ""Repair Parts""}, {""SHORT_MARKETING_DESC"": ""Kit Drive Belt 300 & 600 dpi ZT400 Series ZMx00 Series""}, {""MARKETING_PRODUCT_TYPE"": ""Products""}, {""FEATURE_1"": ""Certified Zebra Parts.""}, {""FEATURE_2"": ""Zebra Parts are manufactured to meet all of Zebra's standards.""}, {""FEATURE_3"": ""This genuine Parts is made to work with select Zebra Printers.""}, {""FEATURE_4"": ""Built to ensure the highest quality, reliability, and performance.""}, {""FEATURE_5"": ""Works with Zebra's high-end performance products.""}, {""STATUS"": ""Production""}, {""PART_NUMBER"": ""79867M""}, {""LIST_PRICE"": ""36.920000""}, {""MAP_PRICE"": ""36.920000""}, {""PRODUCT_FAMILY"": ""SPS Parts""}]",https://cdn11.bigcommerce.com/s-d90c8/products/340/images/996/4__37263.1339649043.500.750.jpg?c=2
79400-001M,Kit Main Logic Board (MLB) 8MB ZMx00 Series | 79400-001M,,150,741.76,https://arrowheadphx.com/main-logic-board-8mb-for-zm400-zm600/,False,<p>Main Logic Board 8MB for ZM400 &amp; ZM600</p>,79400-001M,,1,"[{""Model"": ""ZM400""}, {""Model"": ""ZM600""}, {""Product Type"": ""Parts""}, {""Printer Type"": ""Industrial""}]",https://cdn11.bigcommerce.com/s-d90c8/products/341/images/995/3__36332.1339649028.500.750.jpg?c=2
79803M,Kit Printhead 203 dpi ZM600 | 79803M,,1520,735.6,https://arrowheadphx.com/zebra-printhead-203-dpi-for-zm600-79803m/,False,Kit Printhead 203 dpi ZM600| 79803M,79803M,,3,"[{""PRODUCT_TYPE"": ""Repair Parts""}, {""PRODUCT_CATEGORY"": ""Printers""}, {""PRODUCT_SUB_CATEGORY"": ""Printer Parts""}, {""PRODUCT_SUB_CATEGORY_TYPE"": ""Aftermarket Kit - Label""}, {""ITEM_TYPE"": ""Repair Parts""}, {""SHORT_MARKETING_DESC"": ""Kit Printhead 203 dpi ZM600""}, {""MARKETING_PRODUCT_TYPE"": ""Products""}, {""FEATURE_1"": ""Certified Zebra Parts.""}, {""FEATURE_2"": ""Zebra Parts are manufactured to meet all of Zebra's standards.""}, {""FEATURE_3"": ""This genuine Parts is made to work with select Zebra Printers.""}, {""FEATURE_4"": ""Built to ensure the highest quality, reliability, and performance.""}, {""FEATURE_5"": ""Works with Zebra's high-end performance products.""}, {""STATUS"": ""Production""}, {""PART_NUMBER"": ""79803M""}, {""LIST_PRICE"": ""754.320000""}, {""MAP_PRICE"": ""754.320000""}, {""SUPPLY_MODEL"": ""RZ600 RFID Printer (Discontinued), ZM600 Industrial (Discontinued)""}, {""PRODUCT_FAMILY"": ""SPS Printheads""}]",https://cdn11.bigcommerce.com/s-d90c8/products/342/images/994/2__26768.1339648559.500.750.png?c=2
61330M,Printhead Assembly | 61330M,,1520,209.36,https://arrowheadphx.com/printhead-for-hc100/,False,Printhead Assembly| 61330M,61330M,,3,"[{""PRODUCT_TYPE"": ""Repair Parts""}, {""PRODUCT_CATEGORY"": ""Printers""}, {""PRODUCT_SUB_CATEGORY"": ""Printer Parts""}, {""PRODUCT_SUB_CATEGORY_TYPE"": ""Spare Part Kit - Label""}, {""ITEM_TYPE"": ""Repair Parts""}, {""SHORT_MARKETING_DESC"": ""Printhead Assembly""}, {""MARKETING_PRODUCT_TYPE"": ""Products""}, {""FEATURE_1"": ""Certified Zebra Parts.""}, {""FEATURE_2"": ""Zebra Parts are manufactured to meet all of Zebra's standards.""}, {""FEATURE_3"": ""This genuine Parts is made to work with select Zebra Printers.""}, {""FEATURE_4"": ""Built to ensure the highest quality, reliability, and performance.""}, {""FEATURE_5"": ""Works with Zebra's high-end performance products.""}, {""STATUS"": ""Production""}, {""PART_NUMBER"": ""61330M""}, {""LIST_PRICE"": ""214.110000""}, {""MAP_PRICE"": ""214.110000""}, {""SUPPLY_MODEL"": ""HC100 Desktop (Discontinued)""}, {""PRODUCT_FAMILY"": ""SPS Printheads""}]",https://cdn11.bigcommerce.com/s-d90c8/products/343/images/1017/5__94744.1339651468.500.750.jpg?c=2
61331M,Platen Rollers Roller | 61331M,,1520,85.65,https://arrowheadphx.com/platen-roller-for-hc100/,False,Platen Rollers Roller| 61331M,61331M,,3,"[{""PRODUCT_TYPE"": ""Repair Parts""}, {""PRODUCT_CATEGORY"": ""Printers""}, {""PRODUCT_SUB_CATEGORY"": ""Printer Parts""}, {""PRODUCT_SUB_CATEGORY_TYPE"": ""Spare Part Kit - Label""}, {""ITEM_TYPE"": ""Repair Parts""}, {""SHORT_MARKETING_DESC"": ""Platen Rollers Roller""}, {""MARKETING_PRODUCT_TYPE"": ""Products""}, {""FEATURE_1"": ""Certified Zebra Parts.""}, {""FEATURE_2"": ""Zebra Parts are manufactured to meet all of Zebra's standards.""}, {""FEATURE_3"": ""This genuine Parts is made to work with select Zebra Printers.""}, {""FEATURE_4"": ""Built to ensure the highest quality, reliability, and performance.""}, {""FEATURE_5"": ""Works with Zebra's high-end performance products.""}, {""STATUS"": ""Production""}, {""PART_NUMBER"": ""61331M""}, {""LIST_PRICE"": ""87.380000""}, {""MAP_PRICE"": ""87.380000""}, {""SUPPLY_MODEL"": ""HC100 Desktop (Discontinued)""}, {""PRODUCT_FAMILY"": ""SPS Parts""}]",https://cdn11.bigcommerce.com/s-d90c8/products/344/images/1016/4__53733.1339651457.500.750.jpg?c=2
61335M,"Main Logic Board, 8 MB | 61335M",,1520,652.33,https://arrowheadphx.com/main-logic-board-8mb-for-hc100/,False,"Main Logic Board, 8 MB| 61335M",61335M,,3,"[{""PRODUCT_TYPE"": ""Repair Parts""}, {""PRODUCT_CATEGORY"": ""Printers""}, {""PRODUCT_SUB_CATEGORY"": ""Printer Parts""}, {""PRODUCT_SUB_CATEGORY_TYPE"": ""Spare Part Kit - Label""}, {""ITEM_TYPE"": ""Repair Parts""}, {""SHORT_MARKETING_DESC"": ""Main Logic Board, 8 MB""}, {""MARKETING_PRODUCT_TYPE"": ""Products""}, {""FEATURE_1"": ""Certified Zebra Parts.""}, {""FEATURE_2"": ""Zebra Parts are manufactured to meet all of Zebra's standards.""}, {""FEATURE_3"": ""This genuine Parts is made to work with select Zebra Printers.""}, {""FEATURE_4"": ""Built to ensure the highest quality, reliability, and performance.""}, {""FEATURE_5"": ""Works with Zebra's high-end performance products.""}, {""STATUS"": ""Production""}, {""PART_NUMBER"": ""61335M""}, {""LIST_PRICE"": ""659.560000""}, {""MAP_PRICE"": ""659.560000""}]",https://cdn11.bigcommerce.com/s-d90c8/products/345/images/3858/main_logic_board__63481.1499714154.500.750.jpg?c=2
61336M,"KIT, Main Logic Board, 64 MB, HC100 | 61336M",,1520,612.46,https://arrowheadphx.com/main-logic-board-16mb-for-hc100/,False,"KIT, Main Logic Board, 64 MB, HC100| 61336M",61336M,,3,"[{""PRODUCT_TYPE"": ""Repair Parts""}, {""PRODUCT_CATEGORY"": ""Printers""}, {""PRODUCT_SUB_CATEGORY"": ""Printer Parts""}, {""PRODUCT_SUB_CATEGORY_TYPE"": ""Spare Part Kit - Label""}, {""ITEM_TYPE"": ""Repair Parts""}, {""SHORT_MARKETING_DESC"": ""KIT, Main Logic Board, 64 MB, HC100""}, {""MARKETING_PRODUCT_TYPE"": ""Products""}, {""FEATURE_1"": ""Certified Zebra Parts.""}, {""FEATURE_2"": ""Zebra Parts are manufactured to meet all of Zebra's standards.""}, {""FEATURE_3"": ""This genuine Parts is made to work with select Zebra Printers.""}, {""FEATURE_4"": ""Built to ensure the highest quality, reliability, and performance.""}, {""FEATURE_5"": ""Works with Zebra's high-end performance products.""}, {""STATUS"": ""Production""}, {""PART_NUMBER"": ""61336M""}, {""LIST_PRICE"": ""706.320000""}, {""MAP_PRICE"": ""706.320000""}, {""SUPPLY_MODEL"": ""HC100 Desktop (Discontinued)""}, {""PRODUCT_FAMILY"": ""SPS Parts""}]",https://cdn11.bigcommerce.com/s-d90c8/products/346/images/1014/2__22459.1339651437.500.750.jpg?c=2
61339M,Smart Card Reader w/Cable | 61339M,,,272.62,https://arrowheadphx.com/smart-card-reader-for-hc100/,False,Smart Card Reader w/Cable| 61339M,61339M,,3,"[{""PRODUCT_TYPE"": ""Repair Parts""}, {""PRODUCT_CATEGORY"": ""Printers""}, {""PRODUCT_SUB_CATEGORY"": ""Printer Parts""}, {""PRODUCT_SUB_CATEGORY_TYPE"": ""Spare Part Kit - Label""}, {""ITEM_TYPE"": ""Repair Parts""}, {""SHORT_MARKETING_DESC"": ""Smart Card Reader w/Cable""}, {""MARKETING_PRODUCT_TYPE"": ""Products""}, {""FEATURE_1"": ""Certified Zebra Parts.""}, {""FEATURE_2"": ""Zebra Parts are manufactured to meet all of Zebra's standards.""}, {""FEATURE_3"": ""This genuine Parts is made to work with select Zebra Printers.""}, {""FEATURE_4"": ""Built to ensure the highest quality, reliability, and performance.""}, {""FEATURE_5"": ""Works with Zebra's high-end performance products.""}, {""STATUS"": ""Production""}, {""PART_NUMBER"": ""61339M""}, {""LIST_PRICE"": ""275.630000""}, {""MAP_PRICE"": ""275.630000""}]",https://cdn11.bigcommerce.com/s-d90c8/products/347/images/64550/1__13905.1339651427__83482.1723628059.500.750.jpg?c=2
G57202-1M,Kit Printhead 203 dpi RH and LH 110PAX4| G57202-1M | G57202-1M,,1776,433.13,https://arrowheadphx.com/zebra-kit-printhead-203-dpi-rh-lh-for-110pax4-g57202-1m/,False,Kit Printhead 203 dpi RH and LH 110PAX4| G57202-1M,G57202-1M,,3,"[{""Model"": ""110PAX4""}, {""Product Type"": ""Parts""}, {""Printer Type"": ""Print Engine""}]",https://cdn11.bigcommerce.com/s-d90c8/products/348/images/3134/79802m__29794.1378230350.500.750.jpg?c=2
G57212M,Kit Printhead 300 dpi RH 110PAX4| G57212M | G57212M,,1776,703.55,https://arrowheadphx.com/zebra-kit-printhead-300-dpi-rh-for-110pax4-g57212m/,False,Kit Printhead 300 dpi RH 110PAX4| G57212M,G57212M,,3,"[{""Model"": ""170PAX4""}, {""Product Type"": ""Parts""}, {""Printer Type"": ""Print Engine""}, {""PRODUCT_FAMILY"": ""SPS Printheads""}]",https://cdn11.bigcommerce.com/s-d90c8/products/349/images/6749/ZBRA3M6__00592.1499714155.500.750.JPG?c=2
G57242M,Kit Printhead 300 dpi LH 110PAX4| G57242M | G57242M,,1776,765.38,https://arrowheadphx.com/zebra-kit-printhead-300-dpi-lh-for-110pax4-g57242m/,False,Kit Printhead 300 dpi LH 110PAX4| G57242M,G57242M,,3,"[{""Model"": ""110PAX4""}, {""Product Type"": ""Parts""}, {""Printer Type"": ""Print Engine""}]",https://cdn11.bigcommerce.com/s-d90c8/products/350/images/810/10__12035.1339429542.500.750.jpg?c=2
G43110M,Zebra Kit Platen Roller (RH & LH) for 110PAX4 G43110M | G43110M,,126,119.6,https://arrowheadphx.com/kit-platen-roller-rh-lh-for-110pax4/,False,<p>Kit Platen Roller (RH &amp; LH) for 110PAX4</p>,G43110M,,1,"[{""Model"": ""110PAX4""}, {""Product Type"": ""Parts""}, {""Printer Type"": ""Print Engine""}]",https://cdn11.bigcommerce.com/s-d90c8/products/351/images/809/9__81941.1339429522.500.750.jpg?c=2
G57131M,Zebra Kit Peel Roller (RH & LH) for 110PAX4 G57131M | G57131M,,126,102.81,https://arrowheadphx.com/kit-peel-roller-rh-lh-for-110pax4/,False,<p>Kit Peel Roller (RH &amp; LH) for 110PAX4</p>,G57131M,,1,"[{""Model"": ""110PAX4""}, {""Product Type"": ""Parts""}, {""Printer Type"": ""Print Engine""}]",https://cdn11.bigcommerce.com/s-d90c8/products/352/images/1643/G57131M__48473.1347473239.500.750.jpg?c=2
G57130M,Zebra Kit Elastomer Pinch Roller (RH & LH) for 110PAX4 G57130M | G57130M,,126,113.68,https://arrowheadphx.com/kit-elastomer-pinch-roller-rh-lh-for-110pax4/,False,<p>Kit Elastomer Pinch Roller (RH &amp; LH) for 110PAX4</p>,G57130M,,1,"[{""Model"": ""110PAX4""}, {""Product Type"": ""Parts""}, {""Printer Type"": ""Print Engine""}]",https://cdn11.bigcommerce.com/s-d90c8/products/353/images/1644/G57130M__74941.1347473302.500.750.jpg?c=2
57167M,Zebra Kit Auxiliary Roller (RH & LH) for 110PAX4 57167M | 57167M,,126,81.06,https://arrowheadphx.com/kit-auxiliary-roller-rh-lh-for-110pax4/,False,<p>Kit Auxiliary Roller (RH &amp; LH) for 110PAX4</p>,57167M,,1,"[{""Model"": ""110PAX4""}, {""Product Type"": ""Parts""}, {""Printer Type"": ""Print Engine""}]",https://cdn11.bigcommerce.com/s-d90c8/products/354/images/64461/s-l1600__86071.1724292782.500.750.jpg?c=2
43310M,Kit Bracket for Peel Roller | 43310M,,126,171,https://arrowheadphx.com/kit-bracket-for-peel-assembly-with-knurled-roller-rh-lh-for-110pax4/,False,<p>Kit Bracket for Peel Assembly with Knurled Roller (RH &amp; LH) for 110PAX4</p>,43310M,,1,"[{""Model"": ""110PAX4""}, {""Product Type"": ""Parts""}, {""Printer Type"": ""Print Engine""}]",https://cdn11.bigcommerce.com/s-d90c8/products/355/images/805/5__29297.1339427729.500.750.jpg?c=2
57603M,Discontinued | no replacement | Zebra Kit Drive Belts 203 & 300 dpi (RH & LH) For replacing all four drive belts for 110PAX4 57603M | 57603M,,126,81.06,https://arrowheadphx.com/discontinued-no-replacement-zebra-kit-drive-belts-203-300-dpi-rh-lh-for-replacing-all-four-drive-belts-for-110pax4-57603m-57603m/,False,"<p>Discontinued, no longer available to order | No replacement | Kit Drive Belts 203 &amp; 300 dpi (RH &amp; LH) For replacing all four drive belts for 110PAX4</p>",57603M,,1,"[{""Model"": ""110PAX4""}, {""Product Type"": ""Parts""}, {""Printer Type"": ""Print Engine""}]",https://cdn11.bigcommerce.com/s-d90c8/products/356/images/8712/57603M__92365.1565505539.500.750.jpg?c=2
G49398M,Zebra Kit Control Panel (RH & LH) for 110PAX4 G49398M | G49398M,,125,451.71,https://arrowheadphx.com/kit-control-panel-rh-lh-for-110pax4/,False,<p>Kit Control Panel (RH &amp; LH) for 110PAX4</p>,G49398M,,1,"[{""Model"": ""170PAX4""}, {""Product Type"": ""Parts""}, {""Printer Type"": ""Print Engine""}]",https://cdn11.bigcommerce.com/s-d90c8/products/357/images/803/3__60761.1339427694.500.750.jpg?c=2
34901-040M,Zebra Kit Main Logic Board 4MB (RH & LH) for 110PAX4 34901-040M | 34901-040M,,126,1636.78,https://arrowheadphx.com/kit-main-logic-board-4mb-rh-lh-for-110pax4/,False,<p>Kit Main Logic Board 4MB (RH &amp; LH) for 110PAX4</p>,34901-040M,,1,"[{""Model"": ""110PAX4""}, {""Product Type"": ""Parts""}, {""Printer Type"": ""Print Engine""}]",https://cdn11.bigcommerce.com/s-d90c8/products/358/images/802/2__80862.1339427340.500.750.jpg?c=2
G38000M,Kit Printhead 203 dpi RH and LH 170PAX4 170XiIIIPlus| G38000M | G38000M,,1776,1094.08,https://arrowheadphx.com/zebra-kit-printhead-203-dpi-rh-lh-for-170pax4-170xi3-g38000m/,False,Kit Printhead 203 dpi RH and LH 170PAX4 170XiIIIPlus| G38000M,G38000M,,3,"[{""Model"": ""170PAX4""}, {""Product Type"": ""Parts""}, {""Printer Type"": ""Print Engine""}]",https://cdn11.bigcommerce.com/s-d90c8/products/360/images/754/4__18462.1339369107.500.750.jpg?c=2
46500-1M,Zebra Kit Printhead 300 dpi (RH & LH) for 170PAX4  170Xi3+ (This part number has been replaced by G46500M) | 46500-1M,,125,805.32,https://arrowheadphx.com/zebra-kit-printhead-300-dpi-rh-lh-for-170pax4-170xi3-this-part-number-has-been-replaced-by-g46500m-46500-1m/,False,<p>Kit Printhead 300 dpi (RH &amp; LH) for 170PAX4</p> <p>&nbsp;</p> <p><em><strong>Note:&nbsp; (This part has been superseded by&nbsp;G46500M)</strong></em></p>,46500-1M,,1,"[{""Model"": ""170PAX4""}, {""Product Type"": ""Parts""}, {""Printer Type"": ""Print Engine""}]",https://cdn11.bigcommerce.com/s-d90c8/products/361/images/753/3__65959.1339369100.500.750.jpg?c=2
43737,Zebra Platen Roller (RH & LH) for 170PAX4 43737 | 43737,,125,95.67,https://arrowheadphx.com/platen-roller-rh-lh-for-170pax4/,False,<p>Platen Roller (RH &amp; LH) for 170PAX4</p>,43737,,1,"[{""Model"": ""170PAX4""}, {""Product Type"": ""Parts""}, {""Printer Type"": ""Print Engine""}]",https://cdn11.bigcommerce.com/s-d90c8/products/362/images/3135/zebra__00916.1378230535.500.750.jpg?c=2
49962,Zebra Peel Roller (RH & LH) for 170PAX4 49962 | 49962,,125,56.62,https://arrowheadphx.com/peel-roller-rh-lh-for-170pax4/,False,<p>Peel Roller (RH &amp; LH) for 170PAX4</p>,49962,,1,"[{""Model"": ""170PAX4""}, {""Product Type"": ""Parts""}, {""Printer Type"": ""Print Engine""}]",https://cdn11.bigcommerce.com/s-d90c8/products/363/images/3136/zebra__49554.1378230628.500.750.jpg?c=2
49963,Zebra Elastomer Pinch Roller (RH & LH) for 170PAX4 49963 | 49963,,125,50.76,https://arrowheadphx.com/elastomer-pinch-roller-rh-lh-for-170pax4/,False,<p>Elastomer Pinch Roller (RH &amp; LH) for 170PAX4</p>,49963,,1,"[{""Model"": ""170PAX4""}, {""Product Type"": ""Parts""}, {""Printer Type"": ""Print Engine""}]",https://cdn11.bigcommerce.com/s-d90c8/products/364/images/816/5__84472.1339431540.500.750.jpg?c=2
G49919M,Zebra Kit Bracket for Peel Assembly with Knurled Roller (RH & LH) for 170PAX4 G49919M | G49919M,,125,210.83,https://arrowheadphx.com/zebra-kit-bracket-for-peel-assembly-with-knurled-roller-rh-lh-for-170pax4/,False,<p>Kit Bracket for Peel Assembly with Knurled Roller (RH &amp; LH) for 170PAX4</p>,G49919M,,1,"[{""Model"": ""170PAX4""}, {""Product Type"": ""Parts""}, {""Printer Type"": ""Print Engine""}]",https://cdn11.bigcommerce.com/s-d90c8/products/365/images/815/4__08546.1339431524.500.750.jpg?c=2
45189-18,Drive Belt .080P 122T (203 and 300 dpi) RH and LH | 45189-18,,125,24.44,https://arrowheadphx.com/drive-belt-for-stepper-motor-203-300-dpi-rh-lh-for-170pax4-170xi3-140xi3-110xi3/,False,<p>Drive Belt for Stepper Motor 203 &amp; 300 dpi (RH &amp; LH) for 170PAX4 170Xi3+ 140Xi3+ 110Xi3+</p>,45189-18,,1,"[{""Model"": ""170PAX4""}, {""Product Type"": ""Parts""}, {""Printer Type"": ""Print Engine""}]",https://cdn11.bigcommerce.com/s-d90c8/products/366/images/743/8__83466.1339367429.500.750.GIF?c=2
14196M,Zebra Drive Belt for Platen Roller 203 & 300 dpi (RH & LH) FOR 170PAX4 14196M | 14196M,,125,42.97,https://arrowheadphx.com/drive-belt-for-platen-roller-203-300-dpi-rh-lh-for-170pax4/,False,<p><span>Drive Belt for Platen Roller 203 &amp; 300 dpi (RH &amp; LH) For use on units with Serial Numbers above 05C07230006??????_</span></p>,14196M,,1,"[{""Model"": ""170PAX4""}, {""Product Type"": ""Parts""}, {""Printer Type"": ""Print Engine""}]",https://cdn11.bigcommerce.com/s-d90c8/products/368/images/814/3__14877.1339431482.500.750.jpg?c=2
34901-041M,Zebra Kit Main Logic Board 4MB (RH & LH) for 170PAX4 34901-041M | 34901-041M,,125,1784.02,https://arrowheadphx.com/kit-main-logic-board-4mb-rh-lh-for-170pax4/,False,<p>Kit Main Logic Board 4MB (RH &amp; LH) for 170PAX4</p>,34901-041M,,1,"[{""Model"": ""170PAX4""}, {""Product Type"": ""Parts""}, {""Printer Type"": ""Print Engine""}]",https://cdn11.bigcommerce.com/s-d90c8/products/369/images/813/2__74407.1339431450.500.750.jpg?c=2
34901-043M,Zebra Kit Main Logic Board 64MB (RH & LH) for 170PAX4 34901-043M | 34901-043M,,125,2047.85,https://arrowheadphx.com/kit-main-logic-board-64mb-rh-lh-for-170pax4/,False,<p>Kit Main Logic Board 64MB (RH &amp; LH) for 170PAX4</p>,34901-043M,,1,"[{""Model"": ""170PAX4""}, {""Product Type"": ""Parts""}, {""Printer Type"": ""Print Engine""}]",https://cdn11.bigcommerce.com/s-d90c8/products/370/images/8938/34901-043M__48151.1565621501.500.750.jpg?c=2
P1037974-010,"Kit, Printhead 203 dpi, ZT210, ZT220, ZT230 | P1037974-010",,1531,607.91,https://arrowheadphx.com/zebra-printhead-203-dpi-zt200-series-p1037974-010/,True,"Kit, Printhead 203 dpi, ZT210, ZT220, ZT230",P1037974-010,,2,"[{""PRODUCT_TYPE"": ""Accessories""}, {""PRODUCT_CATEGORY"": ""Print Heads and Platen Rollers""}, {""PRODUCT_SUB_CATEGORY"": ""Print Heads""}, {""PRODUCT_SUB_CATEGORY_TYPE"": ""Thermal Transfer Print Heads""}, {""PRODUCT_FRIENDLY_NAME"": ""P1037974-010""}, {""ITEM_TYPE"": ""Accessories""}, {""SHORT_MARKETING_DESC"": ""Kit, Printhead 203 dpi, ZT210, ZT220, ZT230""}, {""MARKETING_PRODUCT_TYPE"": ""Accessories""}, {""FEATURE_1"": ""Certified Zebra Accessory.""}, {""FEATURE_2"": ""Zebra accessories are manufactured to meet all of Zebra's standards.""}, {""FEATURE_3"": ""This genuine accessory is made to work with select Zebra Printers.""}, {""FEATURE_4"": ""Built to ensure the highest quality, reliability, and performance.""}, {""FEATURE_5"": ""Works with Zebra's high-end performance products.""}, {""IMAGE_URL"": ""https://www.zebra.com/content/dam/zebra_dam/global/photography/product/0010/p1037974-010-photography-product-accessory-printhead.jpg?im=p""}, {""STATUS"": ""Production""}, {""PART_NUMBER"": ""P1037974-010""}, {""LIST_PRICE"": ""620.190000""}, {""MAP_PRICE"": ""620.190000""}, {""SUPPLY_MODEL"": ""ZT210 Value Industrial 4-inch Wide China Only, ZT220 Value Industrial 4-inch Wide Standard, ZT230 Value Industrial 4-inch Wide Standard""}, {""PRODUCT_FAMILY"": ""SPS Printheads""}]",https://cdn11.bigcommerce.com/s-d90c8/products/371/images/8873/Zebra_Technologies_P1037974-010_Printhead_203_Dpi_Zt200_Series__77674.1565342957.500.750.jpg?c=2
P1037974-011,"Kit, Printhead 300 dpi, ZT210, ZT220, ZT230 | P1037974-011",,1531,709.23,https://arrowheadphx.com/zebra-printhead-300-dpi-zt200-series-p1037974-011/,True,"Kit, Printhead 300 dpi, ZT210, ZT220, ZT230",P1037974-011,,2,"[{""PRODUCT_TYPE"": ""Accessories""}, {""PRODUCT_CATEGORY"": ""Print Heads and Platen Rollers""}, {""PRODUCT_SUB_CATEGORY"": ""Print Heads""}, {""PRODUCT_SUB_CATEGORY_TYPE"": ""Thermal Transfer Print Heads""}, {""PRODUCT_FRIENDLY_NAME"": ""P1037974-011""}, {""ITEM_TYPE"": ""Accessories""}, {""SHORT_MARKETING_DESC"": ""Kit, Printhead 300 dpi, ZT210, ZT220, ZT230""}, {""MARKETING_PRODUCT_TYPE"": ""Accessories""}, {""FEATURE_1"": ""Certified Zebra Accessory.""}, {""FEATURE_2"": ""Zebra accessories are manufactured to meet all of Zebra's standards.""}, {""FEATURE_3"": ""This genuine accessory is made to work with select Zebra Printers.""}, {""FEATURE_4"": ""Built to ensure the highest quality, reliability, and performance.""}, {""FEATURE_5"": ""Works with Zebra's high-end performance products.""}, {""STATUS"": ""Production""}, {""PART_NUMBER"": ""P1037974-011""}, {""LIST_PRICE"": ""723.560000""}, {""MAP_PRICE"": ""723.560000""}, {""SUPPLY_MODEL"": ""ZT210 Value Industrial 4-inch Wide China Only, ZT220 Value Industrial 4-inch Wide Standard, ZT230 Value Industrial 4-inch Wide Standard""}, {""PRODUCT_FAMILY"": ""SPS Printheads""}]",https://cdn11.bigcommerce.com/s-d90c8/products/372/images/991/2__53629.1339648251.500.750.jpg?c=2
P1037974-028,"Kit, Platen Roller, ZT210, ZT220, ZT230, ZT111, ZT211, ZT231 | P1037974-028",,1531,66.33,https://arrowheadphx.com/platen-roller-zt200-series/,True,"Kit, Platen Roller, ZT210, ZT220, ZT230, ZT111, ZT211, ZT231",P1037974-028,,2,"[{""PRODUCT_TYPE"": ""Accessories""}, {""PRODUCT_CATEGORY"": ""Print Heads and Platen Rollers""}, {""PRODUCT_SUB_CATEGORY"": ""Platen Rollers""}, {""PRODUCT_SUB_CATEGORY_TYPE"": ""Thermal Transfer Platen Rollers""}, {""PRODUCT_FRIENDLY_NAME"": ""P1037974-028""}, {""ITEM_TYPE"": ""Accessories""}, {""SHORT_MARKETING_DESC"": ""Kit, Platen Roller, ZT210, ZT220, ZT230, ZT111, ZT211, ZT231""}, {""MARKETING_PRODUCT_TYPE"": ""Accessories""}, {""FEATURE_1"": ""Certified Zebra Accessory.""}, {""FEATURE_2"": ""Zebra accessories are manufactured to meet all of Zebra's standards.""}, {""FEATURE_3"": ""This genuine accessory is made to work with select Zebra Printers.""}, {""FEATURE_4"": ""Built to ensure the highest quality, reliability, and performance.""}, {""FEATURE_5"": ""Works with Zebra's high-end performance products.""}, {""STATUS"": ""Production""}, {""PART_NUMBER"": ""P1037974-028""}, {""LIST_PRICE"": ""67.680000""}, {""MAP_PRICE"": ""67.680000""}, {""PRODUCT_FAMILY"": ""SPS Parts""}]",https://cdn11.bigcommerce.com/s-d90c8/products/373/images/2925/P1037974_028__49514.1365994197.500.750.jpg?c=2
P1037974-021,"Kit, Media Sensor, ZT210, ZT220, ZT230 | P1037974-021",,1520,83.25,https://arrowheadphx.com/media-sensor-zt200-series/,False,"Kit, Media Sensor, ZT210, ZT220, ZT230",P1037974-021,,1,"[{""PRODUCT_TYPE"": ""Repair Parts""}, {""PRODUCT_CATEGORY"": ""Printers""}, {""PRODUCT_SUB_CATEGORY"": ""Printer Parts""}, {""PRODUCT_SUB_CATEGORY_TYPE"": ""Aftermarket Kit - Label""}, {""PRODUCT_FRIENDLY_NAME"": ""P1037974-021""}, {""ITEM_TYPE"": ""Repair Parts""}, {""SHORT_MARKETING_DESC"": ""Kit, Media Sensor, ZT210, ZT220, ZT230""}, {""MARKETING_PRODUCT_TYPE"": ""Products""}, {""FEATURE_1"": ""Certified Zebra Parts.""}, {""FEATURE_2"": ""Zebra Parts are manufactured to meet all of Zebra's standards.""}, {""FEATURE_3"": ""This genuine Parts is made to work with select Zebra Printers.""}, {""FEATURE_4"": ""Built to ensure the highest quality, reliability, and performance.""}, {""FEATURE_5"": ""Works with Zebra's high-end performance products.""}, {""STATUS"": ""Production""}, {""PART_NUMBER"": ""P1037974-021""}, {""LIST_PRICE"": ""84.920000""}, {""MAP_PRICE"": ""84.920000""}, {""SUPPLY_MODEL"": ""ZT210 Value Industrial 4-inch Wide China Only, ZT220 Value Industrial 4-inch Wide Standard, ZT230 Value Industrial 4-inch Wide Standard""}, {""PRODUCT_FAMILY"": ""SPS Parts""}]",https://cdn11.bigcommerce.com/s-d90c8/products/374/images/2923/P1037974_021__12165.1365994140.500.750.jpg?c=2
P1037974-022,"Kit, Reflective Sensor, ZT210, ZT220, ZT230 | P1037974-022",,1520,53.06,https://arrowheadphx.com/reflective-sensor-black-mark-sensor-zt200-series/,False,"Kit, Reflective Sensor, ZT210, ZT220, ZT230",P1037974-022,,2,"[{""PRODUCT_TYPE"": ""Repair Parts""}, {""PRODUCT_CATEGORY"": ""Printers""}, {""PRODUCT_SUB_CATEGORY"": ""Printer Parts""}, {""PRODUCT_SUB_CATEGORY_TYPE"": ""Spare Part Kit - Label""}, {""PRODUCT_FRIENDLY_NAME"": ""P1037974-022""}, {""ITEM_TYPE"": ""Repair Parts""}, {""SHORT_MARKETING_DESC"": ""Kit, Reflective Sensor, ZT210, ZT220, ZT230""}, {""MARKETING_PRODUCT_TYPE"": ""Products""}, {""FEATURE_1"": ""Certified Zebra Parts.""}, {""FEATURE_2"": ""Zebra Parts are manufactured to meet all of Zebra's standards.""}, {""FEATURE_3"": ""This genuine Parts is made to work with select Zebra Printers.""}, {""FEATURE_4"": ""Built to ensure the highest quality, reliability, and performance.""}, {""FEATURE_5"": ""Works with Zebra's high-end performance products.""}, {""STATUS"": ""Production""}, {""PART_NUMBER"": ""P1037974-022""}, {""LIST_PRICE"": ""54.140000""}, {""MAP_PRICE"": ""54.140000""}, {""SUPPLY_MODEL"": ""ZT210 Value Industrial 4-inch Wide China Only, ZT220 Value Industrial 4-inch Wide Standard, ZT230 Value Industrial 4-inch Wide Standard""}, {""PRODUCT_FAMILY"": ""SPS Parts""}]",https://cdn11.bigcommerce.com/s-d90c8/products/375/images/990/1__11502.1645658876.500.750.jpg?c=2
P1037974-023,"Kit, Ribbon Sensor, ZT210, ZT220, ZT230 | P1037974-023",,1520,38.59,https://arrowheadphx.com/ribbon-sensor-zt200-series/,False,"Kit, Ribbon Sensor, ZT210, ZT220, ZT230",P1037974-023,,1,"[{""PRODUCT_TYPE"": ""Repair Parts""}, {""PRODUCT_CATEGORY"": ""Printers""}, {""PRODUCT_SUB_CATEGORY"": ""Printer Parts""}, {""PRODUCT_SUB_CATEGORY_TYPE"": ""Aftermarket Kit - Label""}, {""PRODUCT_FRIENDLY_NAME"": ""P1037974-023""}, {""ITEM_TYPE"": ""Repair Parts""}, {""SHORT_MARKETING_DESC"": ""Kit, Ribbon Sensor, ZT210, ZT220, ZT230""}, {""MARKETING_PRODUCT_TYPE"": ""Products""}, {""FEATURE_1"": ""Certified Zebra Parts.""}, {""FEATURE_2"": ""Zebra Parts are manufactured to meet all of Zebra's standards.""}, {""FEATURE_3"": ""This genuine Parts is made to work with select Zebra Printers.""}, {""FEATURE_4"": ""Built to ensure the highest quality, reliability, and performance.""}, {""FEATURE_5"": ""Works with Zebra's high-end performance products.""}, {""STATUS"": ""Production""}, {""PART_NUMBER"": ""P1037974-023""}, {""LIST_PRICE"": ""39.370000""}, {""MAP_PRICE"": ""39.370000""}, {""SUPPLY_MODEL"": ""ZT210 Value Industrial 4-inch Wide China Only, ZT220 Value Industrial 4-inch Wide Standard, ZT230 Value Industrial 4-inch Wide Standard""}, {""PRODUCT_FAMILY"": ""SPS Parts""}]",https://cdn11.bigcommerce.com/s-d90c8/products/376/images/2924/P1037974_023__32386.1365994170.500.750.jpg?c=2
G41400M,Kit Printhead 203 dpi S4M| G41400M | G41400M,,1746,649.82,https://arrowheadphx.com/zebra-kit-printhead-203-dpi-for-s4m-g41400m/,True,Kit Printhead 203 dpi S4M| G41400M,G41400M,,3,"[{""Model"": ""S4M""}, {""Product Type"": ""Parts""}, {""Printer Type"": ""Industrial""}, {""PRODUCT_FAMILY"": ""SPS Printheads""}]",https://cdn11.bigcommerce.com/s-d90c8/products/377/images/1012/8__54854.1339650820.500.750.jpg?c=2
G41401M,Kit Printhead 300 dpi S4M| G41401M | G41401M,,1776,767.76,https://arrowheadphx.com/zebra-kit-printhead-300-dpi-for-s4m-g41401m/,False,Kit Printhead 300 dpi S4M| G41401M,G41401M,,3,"[{""Model"": ""S4M""}, {""Product Type"": ""Parts""}, {""Printer Type"": ""Industrial""}]",https://cdn11.bigcommerce.com/s-d90c8/products/378/images/1011/7__94902.1339650808.500.750.GIF?c=2
G77023M,Zebra Platen Roller for S4M G77023M | G77023M,,526,62.62,https://arrowheadphx.com/platen-roller-for-s4m/,False,"<p><strong><span style=""text-decoration: underline;"">Specifications</span></strong><br /> <strong>Compatible Printers:</strong> S4M<br /> <strong>Product Type: </strong> Platen Rollers</p>",G77023M,,1,"[{""Model"": ""S4M""}, {""Product Type"": ""Parts""}, {""Printer Type"": ""Industrial""}]",https://cdn11.bigcommerce.com/s-d90c8/products/379/images/1642/g77023m__19951.1347389191.500.750.jpg?c=2
G77752M,Refurbished Zebra Media Sensor for S4M G77752M | G77752M discontinued,,526,73.22,https://arrowheadphx.com/refurbished-zebra-media-sensor-for-s4m-g77752m-g77752m-discontinued/,False,"<p><span>Discontinued, please call 480-282-5233 for options |&nbsp;</span>Media Sensor for S4M</p>",G77752M,,1,"[{""Model"": ""S4M""}, {""Product Type"": ""Parts""}, {""Printer Type"": ""Industrial""}]",https://cdn11.bigcommerce.com/s-d90c8/products/380/images/9260/G77752M__62917.1566422966.500.750.jpg?c=2
G77807M,Refurbished Zebra Reflective Sensor (black mark sensor) for S4M G77807M | G77807M,,526,25.84,https://arrowheadphx.com/refurbished-zebra-reflective-sensor-black-mark-sensor-for-s4m-g77807m-g77807m/,False,<p>Refurbished Reflective Sensor (black mark sensor) for S4M | Please call for current pricing | 1-877-437-3028</p>,G77807M,,1,"[{""Model"": ""S4M""}, {""Product Type"": ""Parts""}, {""Printer Type"": ""Industrial""}]",https://cdn11.bigcommerce.com/s-d90c8/products/381/images/1008/4__45618.1620318726.500.750.jpg?c=2
G77767M,Zebra Ribbon Out Sensor & Head Open Sensor for S4M G77767M | G77767M,,526,34.21,https://arrowheadphx.com/ribbon-out-sensor-head-open-sensor-for-s4m/,False,<p>Ribbon Out Sensor &amp; Head Open Sensor for S4M</p>,G77767M,,1,"[{""Model"": ""S4M""}, {""Product Type"": ""Parts""}, {""Printer Type"": ""Industrial""}]",https://cdn11.bigcommerce.com/s-d90c8/products/382/images/1007/3__73292.1339650734.500.750.GIF?c=2
20006,"BELT,.080P,139T,CNDTV | 20006",,1520,36.19,https://arrowheadphx.com/main-drive-belt-203-dpi-for-s4m/,True,"BELT,.080P,139T,CNDTV| 20006",20006,,3,"[{""PRODUCT_TYPE"": ""Repair Parts""}, {""PRODUCT_CATEGORY"": ""Printers""}, {""PRODUCT_SUB_CATEGORY"": ""Printer Parts""}, {""PRODUCT_SUB_CATEGORY_TYPE"": ""Aftermarket Kit - Label""}, {""PRODUCT_FRIENDLY_NAME"": ""20006""}, {""ITEM_TYPE"": ""Repair Parts""}, {""SHORT_MARKETING_DESC"": ""BELT,.080P,139T,CNDTV""}, {""MARKETING_PRODUCT_TYPE"": ""Products""}, {""FEATURE_1"": ""Certified Zebra Parts.""}, {""FEATURE_2"": ""Zebra Parts are manufactured to meet all of Zebra's standards.""}, {""FEATURE_3"": ""This genuine Parts is made to work with select Zebra Printers.""}, {""FEATURE_4"": ""Built to ensure the highest quality, reliability, and performance.""}, {""FEATURE_5"": ""Works with Zebra's high-end performance products.""}, {""STATUS"": ""Production""}, {""PART_NUMBER"": ""20006""}, {""LIST_PRICE"": ""36.920000""}, {""MAP_PRICE"": ""36.920000""}, {""PRODUCT_FAMILY"": ""SPS Parts""}]",https://cdn11.bigcommerce.com/s-d90c8/products/383/images/1006/2__78296.1339650722.500.750.jpg?c=2
20005,"BELT,.080P,128T,CNDTV | 20005",,1520,32.89,https://arrowheadphx.com/main-drive-belt-300-dpi-for-s4m/,True,"BELT,.080P,128T,CNDTV| 20005",20005,,3,"[{""PRODUCT_TYPE"": ""Repair Parts""}, {""PRODUCT_CATEGORY"": ""Printers""}, {""PRODUCT_SUB_CATEGORY"": ""Printer Parts""}, {""PRODUCT_SUB_CATEGORY_TYPE"": ""Aftermarket Kit - Label""}, {""PRODUCT_FRIENDLY_NAME"": ""20005""}, {""ITEM_TYPE"": ""Repair Parts""}, {""SHORT_MARKETING_DESC"": ""BELT,.080P,128T,CNDTV""}, {""MARKETING_PRODUCT_TYPE"": ""Products""}, {""FEATURE_1"": ""Certified Zebra Parts.""}, {""FEATURE_2"": ""Zebra Parts are manufactured to meet all of Zebra's standards.""}, {""FEATURE_3"": ""This genuine Parts is made to work with select Zebra Printers.""}, {""FEATURE_4"": ""Built to ensure the highest quality, reliability, and performance.""}, {""FEATURE_5"": ""Works with Zebra's high-end performance products.""}, {""STATUS"": ""Production""}, {""PART_NUMBER"": ""20005""}, {""LIST_PRICE"": ""36.920000""}, {""MAP_PRICE"": ""36.920000""}, {""PRODUCT_FAMILY"": ""SPS Parts""}]",https://cdn11.bigcommerce.com/s-d90c8/products/384/images/1005/1__58642.1339650707.500.750.jpg?c=2
P1004230,Kit Printhead 203dpi 110Xi4 | P1004230,,1520,867.59,https://arrowheadphx.com/zebra-printhead-203-dpi-for-110xi4-p1004230/,True,Kit Printhead 203dpi 110Xi4| P1004230,P1004230,,3,"[{""PRODUCT_TYPE"": ""Repair Parts""}, {""PRODUCT_CATEGORY"": ""Printers""}, {""PRODUCT_SUB_CATEGORY"": ""Printer Parts""}, {""PRODUCT_SUB_CATEGORY_TYPE"": ""Aftermarket Kit - Label""}, {""ITEM_TYPE"": ""Repair Parts""}, {""SHORT_MARKETING_DESC"": ""Kit Printhead 203dpi 110Xi4""}, {""MARKETING_PRODUCT_TYPE"": ""Products""}, {""FEATURE_1"": ""Certified Zebra Parts.""}, {""FEATURE_2"": ""Zebra Parts are manufactured to meet all of Zebra's standards.""}, {""FEATURE_3"": ""This genuine Parts is made to work with select Zebra Printers.""}, {""FEATURE_4"": ""Built to ensure the highest quality, reliability, and performance.""}, {""FEATURE_5"": ""Works with Zebra's high-end performance products.""}, {""STATUS"": ""Production""}, {""PART_NUMBER"": ""P1004230""}, {""LIST_PRICE"": ""889.670000""}, {""MAP_PRICE"": ""889.670000""}, {""SUPPLY_MODEL"": ""110XI4 Industrial (Discontinued), R110Xi4 RFID Printer (Discontinued)""}, {""PRODUCT_FAMILY"": ""SPS Printheads""}]",https://cdn11.bigcommerce.com/s-d90c8/products/385/images/793/8__53367.1339424753.500.750.jpg?c=2
P1004232,Kit Printhead 300dpi 110Xi4 | P1004232,,1520,1005.59,https://arrowheadphx.com/printhead-300-dpi-for-110xi4-p1004232/,False,Kit Printhead 300dpi 110Xi4| P1004232,P1004232,,3,"[{""PRODUCT_TYPE"": ""Repair Parts""}, {""PRODUCT_CATEGORY"": ""Printers""}, {""PRODUCT_SUB_CATEGORY"": ""Printer Parts""}, {""PRODUCT_SUB_CATEGORY_TYPE"": ""Aftermarket Kit - Label""}, {""ITEM_TYPE"": ""Repair Parts""}, {""SHORT_MARKETING_DESC"": ""Kit Printhead 300dpi 110Xi4""}, {""MARKETING_PRODUCT_TYPE"": ""Products""}, {""FEATURE_1"": ""Certified Zebra Parts.""}, {""FEATURE_2"": ""Zebra Parts are manufactured to meet all of Zebra's standards.""}, {""FEATURE_3"": ""This genuine Parts is made to work with select Zebra Printers.""}, {""FEATURE_4"": ""Built to ensure the highest quality, reliability, and performance.""}, {""FEATURE_5"": ""Works with Zebra's high-end performance products.""}, {""STATUS"": ""Production""}, {""PART_NUMBER"": ""P1004232""}, {""LIST_PRICE"": ""1031.180000""}, {""MAP_PRICE"": ""1031.180000""}, {""SUPPLY_MODEL"": ""110XI4 Industrial (Discontinued), R110Xi4 RFID Printer (Discontinued)""}, {""PRODUCT_FAMILY"": ""SPS Printheads""}]",https://cdn11.bigcommerce.com/s-d90c8/products/386/images/6750/m000073329_sc7__82896.1459144710.500.750.jpg?c=2
P1004233,Kit Printhead 600dpi 110Xi4 | P1004233,,1520,1214.39,https://arrowheadphx.com/printhead-600-dpi-for-110xi4-p1004233/,True,Kit Printhead 600dpi 110Xi4| P1004233,P1004233,,3,"[{""PRODUCT_TYPE"": ""Repair Parts""}, {""PRODUCT_CATEGORY"": ""Printers""}, {""PRODUCT_SUB_CATEGORY"": ""Printer Parts""}, {""PRODUCT_SUB_CATEGORY_TYPE"": ""Aftermarket Kit - Label""}, {""ITEM_TYPE"": ""Repair Parts""}, {""SHORT_MARKETING_DESC"": ""Kit Printhead 600dpi 110Xi4""}, {""MARKETING_PRODUCT_TYPE"": ""Products""}, {""FEATURE_1"": ""Certified Zebra Parts.""}, {""FEATURE_2"": ""Zebra Parts are manufactured to meet all of Zebra's standards.""}, {""FEATURE_3"": ""This genuine Parts is made to work with select Zebra Printers.""}, {""FEATURE_4"": ""Built to ensure the highest quality, reliability, and performance.""}, {""FEATURE_5"": ""Works with Zebra's high-end performance products.""}, {""STATUS"": ""Production""}, {""PART_NUMBER"": ""P1004233""}, {""LIST_PRICE"": ""1245.300000""}, {""MAP_PRICE"": ""1245.300000""}, {""SUPPLY_MODEL"": ""110XI4 Industrial (Discontinued), R110Xi4 RFID Printer (Discontinued)""}, {""PRODUCT_FAMILY"": ""SPS Printheads""}]",https://cdn11.bigcommerce.com/s-d90c8/products/387/images/791/6__19462.1339424736.500.750.jpg?c=2
G41011M,Kit Platen Roller 203 dpi & 300 dpi 110Xi4 & 105SLPlus | G41011M,,1531,82.76,https://arrowheadphx.com/platen-roller-203-dpi-300-dpi-for-110xi4-110xi3/,False,Kit Platen Roller 203 dpi & 300 dpi 110Xi4 & 105SLPlus| G41011M,G41011M,,3,"[{""PRODUCT_TYPE"": ""Accessories""}, {""PRODUCT_CATEGORY"": ""Print Heads and Platen Rollers""}, {""PRODUCT_SUB_CATEGORY"": ""Platen Rollers""}, {""PRODUCT_SUB_CATEGORY_TYPE"": ""Thermal Transfer Platen Rollers""}, {""ITEM_TYPE"": ""Accessories""}, {""SHORT_MARKETING_DESC"": ""Kit Platen Roller 203 dpi & 300 dpi 110Xi4 & 105SLPlus""}, {""MARKETING_PRODUCT_TYPE"": ""Accessories""}, {""FEATURE_1"": ""Certified Zebra Accessory.""}, {""FEATURE_2"": ""Zebra accessories are manufactured to meet all of Zebra's standards.""}, {""FEATURE_3"": ""This genuine accessory is made to work with select Zebra Printers.""}, {""FEATURE_4"": ""Built to ensure the highest quality, reliability, and performance.""}, {""FEATURE_5"": ""Works with Zebra's high-end performance products.""}, {""STATUS"": ""Production""}, {""PART_NUMBER"": ""G41011M""}, {""LIST_PRICE"": ""83.680000""}, {""MAP_PRICE"": ""83.680000""}, {""SUPPLY_MODEL"": ""105SLPlus Industrial (Discontinued), 110XI4 Industrial (Discontinued), R110Xi4 RFID Printer (Discontinued)""}, {""PRODUCT_FAMILY"": ""SPS Parts""}]",https://cdn11.bigcommerce.com/s-d90c8/products/388/images/790/5__31926.1339424729.500.750.jpg?c=2
P1004592,Kit Platen Roller for 110Xi4 for 600 dpi | P1004592,,1520,91.28,https://arrowheadphx.com/platen-roller-600-dpi-for-110xi4/,False,Kit Platen Roller for 110Xi4 for 600 dpi| P1004592,P1004592,,3,"[{""PRODUCT_TYPE"": ""Repair Parts""}, {""PRODUCT_CATEGORY"": ""Printers""}, {""PRODUCT_SUB_CATEGORY"": ""Printer Parts""}, {""PRODUCT_SUB_CATEGORY_TYPE"": ""Aftermarket Kit - Label""}, {""ITEM_TYPE"": ""Repair Parts""}, {""SHORT_MARKETING_DESC"": ""Kit Platen Roller for 110Xi4 for 600 dpi""}, {""MARKETING_PRODUCT_TYPE"": ""Products""}, {""FEATURE_1"": ""Certified Zebra Parts.""}, {""FEATURE_2"": ""Zebra Parts are manufactured to meet all of Zebra's standards.""}, {""FEATURE_3"": ""This genuine Parts is made to work with select Zebra Printers.""}, {""FEATURE_4"": ""Built to ensure the highest quality, reliability, and performance.""}, {""FEATURE_5"": ""Works with Zebra's high-end performance products.""}, {""STATUS"": ""Production""}, {""PART_NUMBER"": ""P1004592""}, {""LIST_PRICE"": ""92.290000""}, {""MAP_PRICE"": ""92.290000""}, {""SUPPLY_MODEL"": ""110XI4 Industrial (Discontinued), R110Xi4 RFID Printer (Discontinued)""}, {""PRODUCT_FAMILY"": ""SPS Parts""}]",https://cdn11.bigcommerce.com/s-d90c8/products/389/images/789/4__83474.1339424721.500.750.jpg?c=2
P1006135,Kit Reflective Sensor (Black Mark) Xi4 Series & 105SLPlus | P1006135,,1520,113.39,https://arrowheadphx.com/reflective-sensor-black-mark-sensor-for-110xi4-140xi4-170xi4-220xi4/,False,Kit Reflective Sensor (Black Mark) Xi4 Series & 105SLPlus,P1006135,,1,"[{""PRODUCT_TYPE"": ""Repair Parts""}, {""PRODUCT_CATEGORY"": ""Printers""}, {""PRODUCT_SUB_CATEGORY"": ""Printer Parts""}, {""PRODUCT_SUB_CATEGORY_TYPE"": ""Spare Part Kit - Label""}, {""ITEM_TYPE"": ""Repair Parts""}, {""SHORT_MARKETING_DESC"": ""Kit Reflective Sensor (Black Mark) Xi4 Series & 105SLPlus""}, {""MARKETING_PRODUCT_TYPE"": ""Products""}, {""FEATURE_1"": ""Certified Zebra Parts.""}, {""FEATURE_2"": ""Zebra Parts are manufactured to meet all of Zebra's standards.""}, {""FEATURE_3"": ""This genuine Parts is made to work with select Zebra Printers.""}, {""FEATURE_4"": ""Built to ensure the highest quality, reliability, and performance.""}, {""FEATURE_5"": ""Works with Zebra's high-end performance products.""}, {""STATUS"": ""Production""}, {""PART_NUMBER"": ""P1006135""}, {""LIST_PRICE"": ""115.670000""}, {""MAP_PRICE"": ""115.670000""}, {""SUPPLY_MODEL"": ""105SLPlus Industrial (Discontinued), 110XI4 Industrial (Discontinued), 140Xi4 Industrial (Discontinued), 170Xi4 Industrial (Discontinued), 220Xi4 High Performance Industrial 8-inch Wide Standard, R110Xi4 RFID Printer (Discontinued)""}, {""PRODUCT_FAMILY"": ""SPS Parts""}]",https://cdn11.bigcommerce.com/s-d90c8/products/391/images/2720/P1006135__44856.1365790111.500.750.jpg?c=2
P1006134,Kit Ribbon Out Sensor Xi4 Series & 105SLPlus | P1006134,,1520,60.31,https://arrowheadphx.com/ribbon-out-sensor-for-110xi4-140xi4-170xi4-220xi4/,False,Kit Ribbon Out Sensor Xi4 Series & 105SLPlus,P1006134,,1,"[{""PRODUCT_TYPE"": ""Repair Parts""}, {""PRODUCT_CATEGORY"": ""Printers""}, {""PRODUCT_SUB_CATEGORY"": ""Printer Parts""}, {""PRODUCT_SUB_CATEGORY_TYPE"": ""Spare Part Kit - Label""}, {""ITEM_TYPE"": ""Repair Parts""}, {""SHORT_MARKETING_DESC"": ""Kit Ribbon Out Sensor Xi4 Series & 105SLPlus""}, {""MARKETING_PRODUCT_TYPE"": ""Products""}, {""FEATURE_1"": ""Certified Zebra Parts.""}, {""FEATURE_2"": ""Zebra Parts are manufactured to meet all of Zebra's standards.""}, {""FEATURE_3"": ""This genuine Parts is made to work with select Zebra Printers.""}, {""FEATURE_4"": ""Built to ensure the highest quality, reliability, and performance.""}, {""FEATURE_5"": ""Works with Zebra's high-end performance products.""}, {""STATUS"": ""Production""}, {""PART_NUMBER"": ""P1006134""}, {""LIST_PRICE"": ""61.530000""}, {""MAP_PRICE"": ""61.530000""}, {""SUPPLY_MODEL"": ""105SLPlus Industrial (Discontinued), 110XI4 Industrial (Discontinued), 140Xi4 Industrial (Discontinued), 170Xi4 Industrial (Discontinued), 220Xi4 High Performance Industrial 8-inch Wide Standard, R110Xi4 RFID Printer (Discontinued)""}, {""PRODUCT_FAMILY"": ""SPS Parts""}]",https://cdn11.bigcommerce.com/s-d90c8/products/392/images/788/3__44805.1339424712.500.750.jpg?c=2
P1006066,"Kit Main Drive Belt 110Xi4 (203 and 300dpi), 140Xi4 (203dpi), 170Xi4 (203 and 300dpi), 220Xi4 (203dpi) & 105SLPlus (203 & 300dpi) | P1006066",,1520,36.19,https://arrowheadphx.com/main-drive-belt-203-dpi-300-dpi-for-110xi4-140xi4-170xi4-220xi4/,True,"Kit Main Drive Belt 110Xi4 (203 and 300dpi), 140Xi4 (203dpi), 170Xi4 (203 and 300dpi), 220Xi4 (203dpi) & 105SLPlus (203 & 300dpi)",P1006066,,2,"[{""PRODUCT_TYPE"": ""Repair Parts""}, {""PRODUCT_CATEGORY"": ""Printers""}, {""PRODUCT_SUB_CATEGORY"": ""Printer Parts""}, {""PRODUCT_SUB_CATEGORY_TYPE"": ""Spare Part Kit - Label""}, {""ITEM_TYPE"": ""Repair Parts""}, {""SHORT_MARKETING_DESC"": ""Kit Main Drive Belt 110Xi4 (203 and 300dpi), 140Xi4 (203dpi), 170Xi4 (203 and 300dpi), 220Xi4 (203dpi) & 105SLPlus (203 & 300dpi)""}, {""MARKETING_PRODUCT_TYPE"": ""Products""}, {""FEATURE_1"": ""Certified Zebra Parts.""}, {""FEATURE_2"": ""Zebra Parts are manufactured to meet all of Zebra's standards.""}, {""FEATURE_3"": ""This genuine Parts is made to work with select Zebra Printers.""}, {""FEATURE_4"": ""Built to ensure the highest quality, reliability, and performance.""}, {""FEATURE_5"": ""Works with Zebra's high-end performance products.""}, {""STATUS"": ""Production""}, {""PART_NUMBER"": ""P1006066""}, {""LIST_PRICE"": ""36.920000""}, {""MAP_PRICE"": ""36.920000""}, {""SUPPLY_MODEL"": ""105SLPlus Industrial (Discontinued), 110XI4 Industrial (Discontinued), 140Xi4 Industrial (Discontinued), 170Xi4 Industrial (Discontinued), 220Xi4 High Performance Industrial 8-inch Wide Standard, R110Xi4 RFID Printer (Discontinued)""}, {""PRODUCT_FAMILY"": ""SPS Parts""}]",https://cdn11.bigcommerce.com/s-d90c8/products/393/images/787/2__59360.1339424705.500.750.jpg?c=2
P1006067,Kit Main Drive Belt 110Xi4 (600 dpi) | P1006067,,1520,49.91,https://arrowheadphx.com/main-drive-belt-600-dpi-for-110xi4/,False,Kit Main Drive Belt 110Xi4 (600 dpi)| P1006067,P1006067,,3,"[{""PRODUCT_TYPE"": ""Repair Parts""}, {""PRODUCT_CATEGORY"": ""Printers""}, {""PRODUCT_SUB_CATEGORY"": ""Printer Parts""}, {""PRODUCT_SUB_CATEGORY_TYPE"": ""Spare Part Kit - Label""}, {""ITEM_TYPE"": ""Repair Parts""}, {""SHORT_MARKETING_DESC"": ""Kit Main Drive Belt 110Xi4 (600 dpi)""}, {""MARKETING_PRODUCT_TYPE"": ""Products""}, {""FEATURE_1"": ""Certified Zebra Parts.""}, {""FEATURE_2"": ""Zebra Parts are manufactured to meet all of Zebra's standards.""}, {""FEATURE_3"": ""This genuine Parts is made to work with select Zebra Printers.""}, {""FEATURE_4"": ""Built to ensure the highest quality, reliability, and performance.""}, {""FEATURE_5"": ""Works with Zebra's high-end performance products.""}, {""STATUS"": ""Production""}, {""PART_NUMBER"": ""P1006067""}, {""LIST_PRICE"": ""50.460000""}, {""MAP_PRICE"": ""50.460000""}, {""SUPPLY_MODEL"": ""110XI4 Industrial (Discontinued), R110Xi4 RFID Printer (Discontinued)""}, {""PRODUCT_FAMILY"": ""SPS Parts""}]",https://cdn11.bigcommerce.com/s-d90c8/products/394/images/3692/z_ebra__87959.1394054661.500.750.jpg?c=2
P1004234,Kit Printhead 203dpi 140Xi4 | P1004234,,1520,798,https://arrowheadphx.com/printhead-203-dpi-for-140xi4-p1004234/,False,Kit Printhead 203dpi 140Xi4| P1004234,P1004234,,3,"[{""PRODUCT_TYPE"": ""Repair Parts""}, {""PRODUCT_CATEGORY"": ""Printers""}, {""PRODUCT_SUB_CATEGORY"": ""Printer Parts""}, {""PRODUCT_SUB_CATEGORY_TYPE"": ""Aftermarket Kit - Label""}, {""ITEM_TYPE"": ""Repair Parts""}, {""SHORT_MARKETING_DESC"": ""Kit Printhead 203dpi 140Xi4""}, {""MARKETING_PRODUCT_TYPE"": ""Products""}, {""FEATURE_1"": ""Certified Zebra Parts.""}, {""FEATURE_2"": ""Zebra Parts are manufactured to meet all of Zebra's standards.""}, {""FEATURE_3"": ""This genuine Parts is made to work with select Zebra Printers.""}, {""FEATURE_4"": ""Built to ensure the highest quality, reliability, and performance.""}, {""FEATURE_5"": ""Works with Zebra's high-end performance products.""}, {""STATUS"": ""Production""}, {""PART_NUMBER"": ""P1004234""}, {""LIST_PRICE"": ""818.310000""}, {""MAP_PRICE"": ""818.310000""}, {""SUPPLY_MODEL"": ""140Xi4 Industrial (Discontinued), R110Xi4 RFID Printer (Discontinued)""}, {""PRODUCT_FAMILY"": ""SPS Printheads""}]",https://cdn11.bigcommerce.com/s-d90c8/products/395/images/2704/P1004234__95490.1365789147.500.750.jpg?c=2
G40038M,Kit Platen Roller or Rewind Roller 140Xi4 | G40038M,,1520,91.28,https://arrowheadphx.com/platen-roller-for-140xi4-140xi3/,False,Kit Platen Roller or Rewind Roller 140Xi4| G40038M,G40038M,,3,"[{""PRODUCT_TYPE"": ""Repair Parts""}, {""PRODUCT_CATEGORY"": ""Printers""}, {""PRODUCT_SUB_CATEGORY"": ""Printer Parts""}, {""PRODUCT_SUB_CATEGORY_TYPE"": ""Aftermarket Kit - Label""}, {""ITEM_TYPE"": ""Repair Parts""}, {""SHORT_MARKETING_DESC"": ""Kit Platen Roller or Rewind Roller 140Xi4""}, {""MARKETING_PRODUCT_TYPE"": ""Products""}, {""FEATURE_1"": ""Certified Zebra Parts.""}, {""FEATURE_2"": ""Zebra Parts are manufactured to meet all of Zebra's standards.""}, {""FEATURE_3"": ""This genuine Parts is made to work with select Zebra Printers.""}, {""FEATURE_4"": ""Built to ensure the highest quality, reliability, and performance.""}, {""FEATURE_5"": ""Works with Zebra's high-end performance products.""}, {""STATUS"": ""Production""}, {""PART_NUMBER"": ""G40038M""}, {""LIST_PRICE"": ""92.290000""}, {""MAP_PRICE"": ""92.290000""}, {""SUPPLY_MODEL"": ""140Xi4 Industrial (Discontinued)""}, {""PRODUCT_FAMILY"": ""SPS Parts""}]",https://cdn11.bigcommerce.com/s-d90c8/products/396/images/750/3__73118.1339368593.500.750.jpg?c=2
P1006030,KIT MEDIA SENSOR 140XI4 | P1006030,,1520,111.97,https://arrowheadphx.com/media-sensor-for-140xi4/,False,KIT MEDIA SENSOR 140XI4| P1006030,P1006030,,3,"[{""PRODUCT_TYPE"": ""Repair Parts""}, {""PRODUCT_CATEGORY"": ""Printers""}, {""PRODUCT_SUB_CATEGORY"": ""Printer Parts""}, {""PRODUCT_SUB_CATEGORY_TYPE"": ""Spare Part Kit - Label""}, {""ITEM_TYPE"": ""Repair Parts""}, {""SHORT_MARKETING_DESC"": ""KIT MEDIA SENSOR 140XI4""}, {""MARKETING_PRODUCT_TYPE"": ""Products""}, {""FEATURE_1"": ""Certified Zebra Parts.""}, {""FEATURE_2"": ""Zebra Parts are manufactured to meet all of Zebra's standards.""}, {""FEATURE_3"": ""This genuine Parts is made to work with select Zebra Printers.""}, {""FEATURE_4"": ""Built to ensure the highest quality, reliability, and performance.""}, {""FEATURE_5"": ""Works with Zebra's high-end performance products.""}, {""STATUS"": ""Production""}, {""PART_NUMBER"": ""P1006030""}, {""LIST_PRICE"": ""113.210000""}, {""MAP_PRICE"": ""113.210000""}, {""SUPPLY_MODEL"": ""140Xi4 Industrial (Discontinued)""}, {""PRODUCT_FAMILY"": ""SPS Parts""}]",https://cdn11.bigcommerce.com/s-d90c8/products/397/images/2710/P1006030__44377.1365789465.500.750.jpg?c=2
P1004236,Kit Printhead 203dpi 170Xi4 ZE500-6 | P1004236,,1520,1005.59,https://arrowheadphx.com/kit-printhead-203dpi-170xi4-ze500-6-p1004236/,False,Kit Printhead 203dpi 170Xi4 ZE500-6,P1004236,,2,"[{""PRODUCT_TYPE"": ""Repair Parts""}, {""PRODUCT_CATEGORY"": ""Printers""}, {""PRODUCT_SUB_CATEGORY"": ""Printer Parts""}, {""PRODUCT_SUB_CATEGORY_TYPE"": ""Aftermarket Kit - Label""}, {""ITEM_TYPE"": ""Repair Parts""}, {""SHORT_MARKETING_DESC"": ""Kit Printhead 203dpi 170Xi4 ZE500-6""}, {""MARKETING_PRODUCT_TYPE"": ""Products""}, {""FEATURE_1"": ""Certified Zebra Parts.""}, {""FEATURE_2"": ""Zebra Parts are manufactured to meet all of Zebra's standards.""}, {""FEATURE_3"": ""This genuine Parts is made to work with select Zebra Printers.""}, {""FEATURE_4"": ""Built to ensure the highest quality, reliability, and performance.""}, {""FEATURE_5"": ""Works with Zebra's high-end performance products.""}, {""STATUS"": ""Production""}, {""PART_NUMBER"": ""P1004236""}, {""LIST_PRICE"": ""1031.180000""}, {""MAP_PRICE"": ""1031.180000""}, {""SUPPLY_MODEL"": ""170Xi4 Industrial (Discontinued), ZE500 High Performance 6-inch Wide Print Engine Standard""}, {""PRODUCT_FAMILY"": ""SPS Printheads""}]",https://cdn11.bigcommerce.com/s-d90c8/products/398/images/795/2__13963.1339426366.500.750.jpg?c=2
P1004237,Kit Printhead 300dpi 170Xi4 ZE500-6 | P1004237,,1520,1144.79,https://arrowheadphx.com/printhead-300-dpi-for-170xi4-p1004237/,False,Kit Printhead 300dpi 170Xi4 ZE500-6,P1004237,,2,"[{""PRODUCT_TYPE"": ""Repair Parts""}, {""PRODUCT_CATEGORY"": ""Printers""}, {""PRODUCT_SUB_CATEGORY"": ""Printer Parts""}, {""PRODUCT_SUB_CATEGORY_TYPE"": ""Aftermarket Kit - Label""}, {""ITEM_TYPE"": ""Repair Parts""}, {""SHORT_MARKETING_DESC"": ""Kit Printhead 300dpi 170Xi4 ZE500-6""}, {""MARKETING_PRODUCT_TYPE"": ""Products""}, {""FEATURE_1"": ""Certified Zebra Parts.""}, {""FEATURE_2"": ""Zebra Parts are manufactured to meet all of Zebra's standards.""}, {""FEATURE_3"": ""This genuine Parts is made to work with select Zebra Printers.""}, {""FEATURE_4"": ""Built to ensure the highest quality, reliability, and performance.""}, {""FEATURE_5"": ""Works with Zebra's high-end performance products.""}, {""STATUS"": ""Production""}, {""PART_NUMBER"": ""P1004237""}, {""LIST_PRICE"": ""1173.930000""}, {""MAP_PRICE"": ""1173.930000""}, {""SUPPLY_MODEL"": ""170Xi4 Industrial (Discontinued), ZE500 High Performance 6-inch Wide Print Engine Standard""}, {""PRODUCT_FAMILY"": ""SPS Printheads""}]",https://cdn11.bigcommerce.com/s-d90c8/products/399/images/794/1__55535.1339426358.500.750.jpg?c=2
G46278M,Kit Platen Roller or Rewind Roller 170Xi4 | G46278M,,1520,114.4,https://arrowheadphx.com/platen-roller-for-170xi4-170xi3/,False,Kit Platen Roller or Rewind Roller 170Xi4| G46278M,G46278M,,3,"[{""PRODUCT_TYPE"": ""Repair Parts""}, {""PRODUCT_CATEGORY"": ""Printers""}, {""PRODUCT_SUB_CATEGORY"": ""Printer Parts""}, {""PRODUCT_SUB_CATEGORY_TYPE"": ""Aftermarket Kit - Label""}, {""ITEM_TYPE"": ""Repair Parts""}, {""SHORT_MARKETING_DESC"": ""Kit Platen Roller or Rewind Roller 170Xi4""}, {""MARKETING_PRODUCT_TYPE"": ""Products""}, {""FEATURE_1"": ""Certified Zebra Parts.""}, {""FEATURE_2"": ""Zebra Parts are manufactured to meet all of Zebra's standards.""}, {""FEATURE_3"": ""This genuine Parts is made to work with select Zebra Printers.""}, {""FEATURE_4"": ""Built to ensure the highest quality, reliability, and performance.""}, {""FEATURE_5"": ""Works with Zebra's high-end performance products.""}, {""STATUS"": ""Production""}, {""PART_NUMBER"": ""G46278M""}, {""LIST_PRICE"": ""115.670000""}, {""MAP_PRICE"": ""115.670000""}, {""SUPPLY_MODEL"": ""170Xi4 Industrial (Discontinued)""}, {""PRODUCT_FAMILY"": ""SPS Parts""}]",https://cdn11.bigcommerce.com/s-d90c8/products/400/images/752/2__63419.1339369095.500.750.jpg?c=2
P1006031,KIT MEDIA SENSOR 170XI4 | P1006031,,1520,136.31,https://arrowheadphx.com/media-sensor-for-170xi4/,False,KIT MEDIA SENSOR 170XI4| P1006031,P1006031,,3,"[{""PRODUCT_TYPE"": ""Repair Parts""}, {""PRODUCT_CATEGORY"": ""Printers""}, {""PRODUCT_SUB_CATEGORY"": ""Printer Parts""}, {""PRODUCT_SUB_CATEGORY_TYPE"": ""Spare Part Kit - Label""}, {""ITEM_TYPE"": ""Repair Parts""}, {""SHORT_MARKETING_DESC"": ""KIT MEDIA SENSOR 170XI4""}, {""MARKETING_PRODUCT_TYPE"": ""Products""}, {""FEATURE_1"": ""Certified Zebra Parts.""}, {""FEATURE_2"": ""Zebra Parts are manufactured to meet all of Zebra's standards.""}, {""FEATURE_3"": ""This genuine Parts is made to work with select Zebra Printers.""}, {""FEATURE_4"": ""Built to ensure the highest quality, reliability, and performance.""}, {""FEATURE_5"": ""Works with Zebra's high-end performance products.""}, {""STATUS"": ""Production""}, {""PART_NUMBER"": ""P1006031""}, {""LIST_PRICE"": ""137.820000""}, {""MAP_PRICE"": ""137.820000""}, {""SUPPLY_MODEL"": ""170Xi4 Industrial (Discontinued)""}, {""PRODUCT_FAMILY"": ""SPS Parts""}]",https://cdn11.bigcommerce.com/s-d90c8/products/401/images/2711/P1006031__72980.1365789505.500.750.jpg?c=2
P1004238,Kit Printhead 203dpi 220Xi4 | P1004238,,1531,1197.6,https://arrowheadphx.com/printhead-203-dpi-for-220xi4-p1004238/,False,Kit Printhead 203dpi 220Xi4,P1004238,,2,"[{""PRODUCT_TYPE"": ""Accessories""}, {""PRODUCT_CATEGORY"": ""Print Heads and Platen Rollers""}, {""PRODUCT_SUB_CATEGORY"": ""Print Heads""}, {""PRODUCT_SUB_CATEGORY_TYPE"": ""Thermal Transfer Print Heads""}, {""ITEM_TYPE"": ""Accessories""}, {""SHORT_MARKETING_DESC"": ""Kit Printhead 203dpi 220Xi4""}, {""MARKETING_PRODUCT_TYPE"": ""Accessories""}, {""FEATURE_1"": ""Certified Zebra Accessory.""}, {""FEATURE_2"": ""Zebra accessories are manufactured to meet all of Zebra's standards.""}, {""FEATURE_3"": ""This genuine accessory is made to work with select Zebra Printers.""}, {""FEATURE_4"": ""Built to ensure the highest quality, reliability, and performance.""}, {""FEATURE_5"": ""Works with Zebra's high-end performance products.""}, {""STATUS"": ""Production""}, {""PART_NUMBER"": ""P1004238""}, {""LIST_PRICE"": ""1228.080000""}, {""MAP_PRICE"": ""1228.080000""}, {""SUPPLY_MODEL"": ""220Xi4 High Performance Industrial 8-inch Wide Standard""}, {""PRODUCT_FAMILY"": ""SPS Printheads""}]",https://cdn11.bigcommerce.com/s-d90c8/products/402/images/800/5__24848.1339426694.500.750.jpg?c=2
P1004239,Kit Printhead 300dpi 220Xi4 | P1004239,,1531,1259.99,https://arrowheadphx.com/printhead-300-dpi-for-220xi4-p1004239/,True,Kit Printhead 300dpi 220Xi4,P1004239,,2,"[{""PRODUCT_TYPE"": ""Accessories""}, {""PRODUCT_CATEGORY"": ""Print Heads and Platen Rollers""}, {""PRODUCT_SUB_CATEGORY"": ""Print Heads""}, {""PRODUCT_SUB_CATEGORY_TYPE"": ""Thermal Transfer Print Heads""}, {""ITEM_TYPE"": ""Accessories""}, {""SHORT_MARKETING_DESC"": ""Kit Printhead 300dpi 220Xi4""}, {""MARKETING_PRODUCT_TYPE"": ""Accessories""}, {""FEATURE_1"": ""Certified Zebra Accessory.""}, {""FEATURE_2"": ""Zebra accessories are manufactured to meet all of Zebra's standards.""}, {""FEATURE_3"": ""This genuine accessory is made to work with select Zebra Printers.""}, {""FEATURE_4"": ""Built to ensure the highest quality, reliability, and performance.""}, {""FEATURE_5"": ""Works with Zebra's high-end performance products.""}, {""STATUS"": ""Production""}, {""PART_NUMBER"": ""P1004239""}, {""LIST_PRICE"": ""1292.050000""}, {""MAP_PRICE"": ""1292.050000""}, {""SUPPLY_MODEL"": ""220Xi4 High Performance Industrial 8-inch Wide Standard""}, {""PRODUCT_FAMILY"": ""SPS Printheads""}]",https://cdn11.bigcommerce.com/s-d90c8/products/403/images/799/4__79315.1339426686.500.750.jpg?c=2
G22101M,Kit Platen or Rewind Roller 220Xi4 | G22101M,,1531,102.52,https://arrowheadphx.com/platen-roller-for-220xi4/,True,Kit Platen or Rewind Roller 220Xi4,G22101M,,2,"[{""PRODUCT_TYPE"": ""Accessories""}, {""PRODUCT_CATEGORY"": ""Print Heads and Platen Rollers""}, {""PRODUCT_SUB_CATEGORY"": ""Platen Rollers""}, {""PRODUCT_SUB_CATEGORY_TYPE"": ""Thermal Transfer Platen Rollers""}, {""ITEM_TYPE"": ""Accessories""}, {""SHORT_MARKETING_DESC"": ""Kit Platen or Rewind Roller 220Xi4""}, {""MARKETING_PRODUCT_TYPE"": ""Accessories""}, {""FEATURE_1"": ""Certified Zebra Accessory.""}, {""FEATURE_2"": ""Zebra accessories are manufactured to meet all of Zebra's standards.""}, {""FEATURE_3"": ""This genuine accessory is made to work with select Zebra Printers.""}, {""FEATURE_4"": ""Built to ensure the highest quality, reliability, and performance.""}, {""FEATURE_5"": ""Works with Zebra's high-end performance products.""}, {""STATUS"": ""Production""}, {""PART_NUMBER"": ""G22101M""}, {""LIST_PRICE"": ""104.600000""}, {""MAP_PRICE"": ""104.600000""}, {""SUPPLY_MODEL"": ""220Xi4 High Performance Industrial 8-inch Wide Standard""}, {""PRODUCT_FAMILY"": ""SPS Parts""}]",https://cdn11.bigcommerce.com/s-d90c8/products/404/images/798/3__19786.1339426679.500.750.jpg?c=2
P1006032,Media Sensor for 220xi4 P1006032 (Replaced by Part Number P1059555) | P1006032,,149,101.51,https://arrowheadphx.com/media-sensor-for-220xi4-p1006032-replaced-by-part-number-p1059555-p1006032/,False,"<p><strong><span style=""text-decoration: underline;"">Specifications</span></strong><br /> <strong>Compatible Printers:</strong> 220Xiii<br /> <strong>DPI (Dots Per Inch):</strong> 203 dpi<br /> <strong>Product Type: </strong> Printheads</p>",P1006032,,1,"[{""Model"": ""220Xi4""}, {""Product Type"": ""Parts""}, {""Printer Type"": ""Industrial""}]",https://cdn11.bigcommerce.com/s-d90c8/products/405/images/8789/Media_Sensor_for_220xi4_P1006032__53683.1565251240.500.750.jpg?c=2
P1006068,Kit Main Drive Belt 220Xi4 (300dpi) | P1006068,,1520,36.19,https://arrowheadphx.com/main-drive-belt-300-dpi-for-220xi4/,True,Kit Main Drive Belt 220Xi4 (300dpi),P1006068,,1,"[{""PRODUCT_TYPE"": ""Repair Parts""}, {""PRODUCT_CATEGORY"": ""Printers""}, {""PRODUCT_SUB_CATEGORY"": ""Printer Parts""}, {""PRODUCT_SUB_CATEGORY_TYPE"": ""Spare Part Kit - Label""}, {""ITEM_TYPE"": ""Repair Parts""}, {""SHORT_MARKETING_DESC"": ""Kit Main Drive Belt 220Xi4 (300dpi)""}, {""MARKETING_PRODUCT_TYPE"": ""Products""}, {""FEATURE_1"": ""Certified Zebra Parts.""}, {""FEATURE_2"": ""Zebra Parts are manufactured to meet all of Zebra's standards.""}, {""FEATURE_3"": ""This genuine Parts is made to work with select Zebra Printers.""}, {""FEATURE_4"": ""Built to ensure the highest quality, reliability, and performance.""}, {""FEATURE_5"": ""Works with Zebra's high-end performance products.""}, {""STATUS"": ""Production""}, {""PART_NUMBER"": ""P1006068""}, {""LIST_PRICE"": ""36.920000""}, {""MAP_PRICE"": ""36.920000""}, {""SUPPLY_MODEL"": ""220Xi4 High Performance Industrial 8-inch Wide Standard, R110Xi4 RFID Printer (Discontinued)""}, {""PRODUCT_FAMILY"": ""SPS Parts""}]",https://cdn11.bigcommerce.com/s-d90c8/products/406/images/796/1__82380.1339426663.500.750.jpg?c=2
P1015397,KIT PRINTHEAD KR403 | P1015397,,1520,145.95,https://arrowheadphx.com/kit-printhead-kr-series-kr203-kr403-kr203-kr403/,False,KIT PRINTHEAD KR403| P1015397,P1015397,,3,"[{""PRODUCT_TYPE"": ""Repair Parts""}, {""PRODUCT_CATEGORY"": ""Printers""}, {""PRODUCT_SUB_CATEGORY"": ""Printer Parts""}, {""PRODUCT_SUB_CATEGORY_TYPE"": ""Aftermarket Kit - Kiosk""}, {""ITEM_TYPE"": ""Repair Parts""}, {""SHORT_MARKETING_DESC"": ""KIT PRINTHEAD KR403""}, {""MARKETING_PRODUCT_TYPE"": ""Products""}, {""FEATURE_1"": ""Certified Zebra Parts.""}, {""FEATURE_2"": ""Zebra Parts are manufactured to meet all of Zebra's standards.""}, {""FEATURE_3"": ""This genuine Parts is made to work with select Zebra Printers.""}, {""FEATURE_4"": ""Built to ensure the highest quality, reliability, and performance.""}, {""FEATURE_5"": ""Works with Zebra's high-end performance products.""}, {""STATUS"": ""Production""}, {""PART_NUMBER"": ""P1015397""}, {""LIST_PRICE"": ""148.900000""}, {""MAP_PRICE"": ""148.900000""}, {""SUPPLY_MODEL"": ""KR203 Kiosk Receipt Printer, KR403 Kiosk Receipt Printer""}, {""PRODUCT_FAMILY"": ""SPS Printheads""}]",https://cdn11.bigcommerce.com/s-d90c8/products/407/images/8903/P1015397__82851.1565370558.500.750.jpg?c=2
P1027717,KIT CABLE FOR PRINTHEAD KR203 | P1027717,,1520,27.36,https://arrowheadphx.com/kit-cable-for-printhead-kr203-qty-of-3-kr203/,False,KIT CABLE FOR PRINTHEAD KR203| P1027717,P1027717,,3,"[{""PRODUCT_TYPE"": ""Repair Parts""}, {""PRODUCT_CATEGORY"": ""Printers""}, {""PRODUCT_SUB_CATEGORY"": ""Printer Parts""}, {""PRODUCT_SUB_CATEGORY_TYPE"": ""Aftermarket Kit - Kiosk""}, {""ITEM_TYPE"": ""Repair Parts""}, {""SHORT_MARKETING_DESC"": ""KIT CABLE FOR PRINTHEAD KR203""}, {""MARKETING_PRODUCT_TYPE"": ""Products""}, {""FEATURE_1"": ""Certified Zebra Parts.""}, {""FEATURE_2"": ""Zebra Parts are manufactured to meet all of Zebra's standards.""}, {""FEATURE_3"": ""This genuine Parts is made to work with select Zebra Printers.""}, {""FEATURE_4"": ""Built to ensure the highest quality, reliability, and performance.""}, {""FEATURE_5"": ""Works with Zebra's high-end performance products.""}, {""STATUS"": ""Production""}, {""PART_NUMBER"": ""P1027717""}, {""LIST_PRICE"": ""30.780000""}, {""MAP_PRICE"": ""30.780000""}, {""SUPPLY_MODEL"": ""KR203 Kiosk Receipt Printer""}, {""PRODUCT_FAMILY"": ""SPS Parts""}]",https://cdn11.bigcommerce.com/s-d90c8/products/408/images/1081/4__43290.1339764547.500.750.jpg?c=2
P1015402,KIT PLATEN ROLLER KR | P1015402,,1520,76,https://arrowheadphx.com/kit-platen-roller-kr-series-qty-of-3-kr203-kr403/,False,KIT PLATEN ROLLER KR| P1015402,P1015402,,3,"[{""PRODUCT_TYPE"": ""Repair Parts""}, {""PRODUCT_CATEGORY"": ""Printers""}, {""PRODUCT_SUB_CATEGORY"": ""Printer Parts""}, {""PRODUCT_SUB_CATEGORY_TYPE"": ""Aftermarket Kit - Kiosk""}, {""ITEM_TYPE"": ""Repair Parts""}, {""SHORT_MARKETING_DESC"": ""KIT PLATEN ROLLER KR""}, {""MARKETING_PRODUCT_TYPE"": ""Products""}, {""FEATURE_1"": ""Certified Zebra Parts.""}, {""FEATURE_2"": ""Zebra Parts are manufactured to meet all of Zebra's standards.""}, {""FEATURE_3"": ""This genuine Parts is made to work with select Zebra Printers.""}, {""FEATURE_4"": ""Built to ensure the highest quality, reliability, and performance.""}, {""FEATURE_5"": ""Works with Zebra's high-end performance products.""}, {""STATUS"": ""Production""}, {""PART_NUMBER"": ""P1015402""}, {""LIST_PRICE"": ""77.540000""}, {""MAP_PRICE"": ""77.540000""}, {""SUPPLY_MODEL"": ""KR203 Kiosk Receipt Printer, KR403 Kiosk Receipt Printer""}, {""PRODUCT_FAMILY"": ""SPS Parts""}]",https://cdn11.bigcommerce.com/s-d90c8/products/409/images/9244/Zebra_Technologies_P1015402__22398.1566411000.500.750.jpg?c=2
G22000M,Kit Printhead 203 dpi for 220xi3+ G22000M | G22000M,,530,1034.86,https://arrowheadphx.com/kit-printhead-203-dpi-for-220xi3/,False,<p>Kit Printhead 203 dpi for 220xi3+</p>,G22000M,,1,"[{""Model"": ""220Xi3""}, {""Product Type"": ""Parts""}, {""Printer Type"": ""Industrial""}]",https://cdn11.bigcommerce.com/s-d90c8/products/410/images/757/3__77332.1339369330.500.750.jpg?c=2
